{"Alachua": {"trumpVotes": 46834, "trumpPct": 0.3643, "clintonVotes": 75820, "clintonPct": 0.5897, "total": 128571, "registration2020": {"DEM": 94064, "REP": 51220, "NPA": 42471, "TOTAL": 190433}, "registration2016": {"DEM": 85143, "REP": 50097, "NPA": 38564, "TOTAL": 177947}}, "Baker": {"trumpVotes": 10294, "trumpPct": 0.8148, "clintonVotes": 2112, "clintonPct": 0.1672, "total": 12634, "registration2020": {"DEM": 4484, "REP": 10393, "NPA": 1909, "TOTAL": 16933}, "registration2016": {"DEM": 5922, "REP": 7640, "NPA": 1402, "TOTAL": 15147}}, "Bay": {"trumpVotes": 62194, "trumpPct": 0.7112, "clintonVotes": 21797, "clintonPct": 0.2492, "total": 87453, "registration2020": {"DEM": 29755, "REP": 66570, "NPA": 26142, "TOTAL": 124653}, "registration2016": {"DEM": 31698, "REP": 60998, "NPA": 22702, "TOTAL": 118016}}, "Bradford": {"trumpVotes": 8913, "trumpPct": 0.7367, "clintonVotes": 2924, "clintonPct": 0.2417, "total": 12098, "registration2020": {"DEM": 5549, "REP": 9424, "NPA": 2612, "TOTAL": 17742}, "registration2016": {"DEM": 6461, "REP": 7259, "NPA": 2064, "TOTAL": 16042}}, "Brevard": {"trumpVotes": 181848, "trumpPct": 0.5778, "clintonVotes": 119679, "clintonPct": 0.3802, "total": 314752, "registration2020": {"DEM": 138527, "REP": 192701, "NPA": 112267, "TOTAL": 452424}, "registration2016": {"DEM": 131225, "REP": 173319, "NPA": 92774, "TOTAL": 412032}}, "Broward": {"trumpVotes": 260951, "trumpPct": 0.3137, "clintonVotes": 553320, "clintonPct": 0.6651, "total": 831951, "registration2020": {"DEM": 633795, "REP": 269443, "NPA": 347834, "TOTAL": 1266991}, "registration2016": {"DEM": 597474, "REP": 256587, "NPA": 306540, "TOTAL": 1179255}}, "Calhoun": {"trumpVotes": 4655, "trumpPct": 0.7655, "clintonVotes": 1241, "clintonPct": 0.2041, "total": 6081, "registration2020": {"DEM": 4118, "REP": 3559, "NPA": 974, "TOTAL": 8709}, "registration2016": {"DEM": 5433, "REP": 2245, "NPA": 828, "TOTAL": 8596}}, "Charlotte": {"trumpVotes": 60218, "trumpPct": 0.6248, "clintonVotes": 33445, "clintonPct": 0.347, "total": 96374, "registration2020": {"DEM": 40074, "REP": 70206, "NPA": 39087, "TOTAL": 152142}, "registration2016": {"DEM": 36160, "REP": 56469, "NPA": 30341, "TOTAL": 128332}}, "Citrus": {"trumpVotes": 54456, "trumpPct": 0.6833, "clintonVotes": 22789, "clintonPct": 0.2859, "total": 79700, "registration2020": {"DEM": 28627, "REP": 60088, "NPA": 26505, "TOTAL": 117092}, "registration2016": {"DEM": 30425, "REP": 48903, "NPA": 22873, "TOTAL": 105696}}, "Clay": {"trumpVotes": 74963, "trumpPct": 0.704, "clintonVotes": 27822, "clintonPct": 0.2613, "total": 106483, "registration2020": {"DEM": 36755, "REP": 89420, "NPA": 36037, "TOTAL": 164745}, "registration2016": {"DEM": 32071, "REP": 80033, "NPA": 30625, "TOTAL": 146641}}, "Collier": {"trumpVotes": 105423, "trumpPct": 0.6173, "clintonVotes": 61085, "clintonPct": 0.3577, "total": 170789, "registration2020": {"DEM": 56898, "REP": 117835, "NPA": 54015, "TOTAL": 231708}, "registration2016": {"DEM": 47514, "REP": 102287, "NPA": 46294, "TOTAL": 200707}}, "Columbia": {"trumpVotes": 20368, "trumpPct": 0.7095, "clintonVotes": 7601, "clintonPct": 0.2648, "total": 28707, "registration2020": {"DEM": 13828, "REP": 22180, "NPA": 7735, "TOTAL": 44239}, "registration2016": {"DEM": 14430, "REP": 16311, "NPA": 5728, "TOTAL": 37385}}, "DeSoto": {"trumpVotes": 6778, "trumpPct": 0.6265, "clintonVotes": 3781, "clintonPct": 0.3495, "total": 10818, "registration2020": {"DEM": 6629, "REP": 6990, "NPA": 4067, "TOTAL": 17819}, "registration2016": {"DEM": 7492, "REP": 5072, "NPA": 3082, "TOTAL": 15884}}, "Dixie": {"trumpVotes": 5822, "trumpPct": 0.8084, "clintonVotes": 1270, "clintonPct": 0.1763, "total": 7202, "registration2020": {"DEM": 3153, "REP": 5662, "NPA": 1692, "TOTAL": 10595}, "registration2016": {"DEM": 4753, "REP": 3630, "NPA": 1310, "TOTAL": 9923}}, "Duval": {"trumpVotes": 211672, "trumpPct": 0.4892, "clintonVotes": 205704, "clintonPct": 0.4754, "total": 432695, "registration2020": {"DEM": 276086, "REP": 237078, "NPA": 140401, "TOTAL": 664211}, "registration2016": {"DEM": 240293, "REP": 220742, "NPA": 109869, "TOTAL": 588121}}, "Escambia": {"trumpVotes": 88808, "trumpPct": 0.5825, "clintonVotes": 57461, "clintonPct": 0.3769, "total": 152469, "registration2020": {"DEM": 77865, "REP": 103070, "NPA": 47557, "TOTAL": 232238}, "registration2016": {"DEM": 72637, "REP": 94169, "NPA": 37804, "TOTAL": 210039}}, "Flagler": {"trumpVotes": 33850, "trumpPct": 0.5887, "clintonVotes": 22026, "clintonPct": 0.383, "total": 57503, "registration2020": {"DEM": 28176, "REP": 40066, "NPA": 22456, "TOTAL": 91916}, "registration2016": {"DEM": 25274, "REP": 31456, "NPA": 20676, "TOTAL": 79281}}, "Franklin": {"trumpVotes": 4125, "trumpPct": 0.6858, "clintonVotes": 1744, "clintonPct": 0.2899, "total": 6015, "registration2020": {"DEM": 3686, "REP": 3443, "NPA": 1186, "TOTAL": 8485}, "registration2016": {"DEM": 4105, "REP": 2221, "NPA": 763, "TOTAL": 7229}}, "Gadsden": {"trumpVotes": 6728, "trumpPct": 0.3043, "clintonVotes": 15020, "clintonPct": 0.6792, "total": 22113, "registration2020": {"DEM": 22419, "REP": 5361, "NPA": 3150, "TOTAL": 31155}, "registration2016": {"DEM": 22468, "REP": 4477, "NPA": 2334, "TOTAL": 29584}}, "Gilchrist": {"trumpVotes": 6740, "trumpPct": 0.8005, "clintonVotes": 1458, "clintonPct": 0.1732, "total": 8420, "registration2020": {"DEM": 2851, "REP": 7609, "NPA": 1913, "TOTAL": 12516}, "registration2016": {"DEM": 3561, "REP": 6118, "NPA": 1433, "TOTAL": 11423}}, "Glades": {"trumpVotes": 2996, "trumpPct": 0.6883, "clintonVotes": 1271, "clintonPct": 0.292, "total": 4353, "registration2020": {"DEM": 2330, "REP": 3381, "NPA": 1283, "TOTAL": 7097}, "registration2016": {"DEM": 3111, "REP": 2350, "NPA": 984, "TOTAL": 6611}}, "Gulf": {"trumpVotes": 5329, "trumpPct": 0.7307, "clintonVotes": 1720, "clintonPct": 0.2358, "total": 7293, "registration2020": {"DEM": 3370, "REP": 5949, "NPA": 1276, "TOTAL": 10829}, "registration2016": {"DEM": 4369, "REP": 4611, "NPA": 1052, "TOTAL": 10210}}, "Hamilton": {"trumpVotes": 3443, "trumpPct": 0.6306, "clintonVotes": 1904, "clintonPct": 0.3487, "total": 5460, "registration2020": {"DEM": 3819, "REP": 3162, "NPA": 1030, "TOTAL": 8098}, "registration2016": {"DEM": 4789, "REP": 2287, "NPA": 844, "TOTAL": 8086}}, "Hardee": {"trumpVotes": 5242, "trumpPct": 0.6913, "clintonVotes": 2149, "clintonPct": 0.2834, "total": 7583, "registration2020": {"DEM": 4075, "REP": 6404, "NPA": 2550, "TOTAL": 13111}, "registration2016": {"DEM": 4707, "REP": 5011, "NPA": 1770, "TOTAL": 11720}}, "Hendry": {"trumpVotes": 6195, "trumpPct": 0.5574, "clintonVotes": 4615, "clintonPct": 0.4152, "total": 11115, "registration2020": {"DEM": 7684, "REP": 7658, "NPA": 3543, "TOTAL": 19122}, "registration2016": {"DEM": 8214, "REP": 6114, "NPA": 2852, "TOTAL": 17477}}, "Hernando": {"trumpVotes": 58970, "trumpPct": 0.6287, "clintonVotes": 31795, "clintonPct": 0.339, "total": 93796, "registration2020": {"DEM": 43493, "REP": 63682, "NPA": 37083, "TOTAL": 146893}, "registration2016": {"DEM": 43098, "REP": 53149, "NPA": 29608, "TOTAL": 130639}}, "Highlands": {"trumpVotes": 29565, "trumpPct": 0.6471, "clintonVotes": 14937, "clintonPct": 0.3269, "total": 45686, "registration2020": {"DEM": 18834, "REP": 31507, "NPA": 15294, "TOTAL": 66317}, "registration2016": {"DEM": 20179, "REP": 27977, "NPA": 11710, "TOTAL": 61603}}, "Hillsborough": {"trumpVotes": 266870, "trumpPct": 0.4465, "clintonVotes": 307896, "clintonPct": 0.5152, "total": 597660, "registration2020": {"DEM": 366337, "REP": 292706, "NPA": 260487, "TOTAL": 934346}, "registration2016": {"DEM": 335920, "REP": 267843, "NPA": 222372, "TOTAL": 849838}}, "Holmes": {"trumpVotes": 7483, "trumpPct": 0.8789, "clintonVotes": 853, "clintonPct": 0.1002, "total": 8514, "registration2020": {"DEM": 2647, "REP": 7377, "NPA": 1385, "TOTAL": 11489}, "registration2016": {"DEM": 4045, "REP": 5952, "NPA": 1121, "TOTAL": 11230}}, "Indian River": {"trumpVotes": 48620, "trumpPct": 0.6077, "clintonVotes": 29043, "clintonPct": 0.363, "total": 80009, "registration2020": {"DEM": 34285, "REP": 58387, "NPA": 29592, "TOTAL": 124586}, "registration2016": {"DEM": 29172, "REP": 49718, "NPA": 24399, "TOTAL": 106647}}, "Jackson": {"trumpVotes": 14257, "trumpPct": 0.6776, "clintonVotes": 6397, "clintonPct": 0.304, "total": 21041, "registration2020": {"DEM": 12501, "REP": 13988, "NPA": 3210, "TOTAL": 29857}, "registration2016": {"DEM": 15830, "REP": 10041, "NPA": 2742, "TOTAL": 28952}}, "Jefferson": {"trumpVotes": 3930, "trumpPct": 0.5141, "clintonVotes": 3541, "clintonPct": 0.4632, "total": 7645, "registration2020": {"DEM": 5181, "REP": 3834, "NPA": 1166, "TOTAL": 10236}, "registration2016": {"DEM": 5758, "REP": 2729, "NPA": 845, "TOTAL": 9506}}, "Lafayette": {"trumpVotes": 2809, "trumpPct": 0.8281, "clintonVotes": 518, "clintonPct": 0.1527, "total": 3392, "registration2020": {"DEM": 1217, "REP": 3003, "NPA": 311, "TOTAL": 4568}, "registration2016": {"DEM": 2652, "REP": 1504, "NPA": 251, "TOTAL": 4465}}, "Lake": {"trumpVotes": 102188, "trumpPct": 0.5995, "clintonVotes": 62838, "clintonPct": 0.3686, "total": 170462, "registration2020": {"DEM": 78693, "REP": 116099, "NPA": 66676, "TOTAL": 264691}, "registration2016": {"DEM": 69741, "REP": 97452, "NPA": 47671, "TOTAL": 222432}}, "Lee": {"trumpVotes": 191551, "trumpPct": 0.5868, "clintonVotes": 124908, "clintonPct": 0.3827, "total": 326420, "registration2020": {"DEM": 133276, "REP": 210819, "NPA": 138297, "TOTAL": 489187}, "registration2016": {"DEM": 116736, "REP": 185737, "NPA": 110764, "TOTAL": 423938}}, "Leon": {"trumpVotes": 53821, "trumpPct": 0.3538, "clintonVotes": 92068, "clintonPct": 0.6052, "total": 152132, "registration2020": {"DEM": 116294, "REP": 57791, "NPA": 40552, "TOTAL": 217454}, "registration2016": {"DEM": 109506, "REP": 57143, "NPA": 35060, "TOTAL": 206335}}, "Levy": {"trumpVotes": 13775, "trumpPct": 0.7102, "clintonVotes": 5101, "clintonPct": 0.263, "total": 19395, "registration2020": {"DEM": 8745, "REP": 15428, "NPA": 5311, "TOTAL": 30099}, "registration2016": {"DEM": 9460, "REP": 12244, "NPA": 3839, "TOTAL": 26833}}, "Liberty": {"trumpVotes": 2543, "trumpPct": 0.7715, "clintonVotes": 651, "clintonPct": 0.1975, "total": 3296, "registration2020": {"DEM": 2512, "REP": 1625, "NPA": 455, "TOTAL": 4601}, "registration2016": {"DEM": 3398, "REP": 733, "NPA": 342, "TOTAL": 4497}}, "Madison": {"trumpVotes": 4851, "trumpPct": 0.5704, "clintonVotes": 3526, "clintonPct": 0.4146, "total": 8505, "registration2020": {"DEM": 6088, "REP": 4305, "NPA": 1296, "TOTAL": 11758}, "registration2016": {"DEM": 7163, "REP": 3201, "NPA": 996, "TOTAL": 11567}}, "Manatee": {"trumpVotes": 101944, "trumpPct": 0.5697, "clintonVotes": 71224, "clintonPct": 0.398, "total": 178958, "registration2020": {"DEM": 83648, "REP": 118375, "NPA": 67345, "TOTAL": 273427}, "registration2016": {"DEM": 71432, "REP": 100474, "NPA": 53568, "TOTAL": 231076}}, "Marion": {"trumpVotes": 107833, "trumpPct": 0.6172, "clintonVotes": 62041, "clintonPct": 0.3551, "total": 174700, "registration2020": {"DEM": 83810, "REP": 120967, "NPA": 56381, "TOTAL": 264614}, "registration2016": {"DEM": 78463, "REP": 101820, "NPA": 41882, "TOTAL": 230841}}, "Martin": {"trumpVotes": 53204, "trumpPct": 0.6202, "clintonVotes": 30185, "clintonPct": 0.3518, "total": 85792, "registration2020": {"DEM": 30342, "REP": 58652, "NPA": 27423, "TOTAL": 118472}, "registration2016": {"DEM": 27955, "REP": 55497, "NPA": 22214, "TOTAL": 110935}}, "Miami-Dade": {"trumpVotes": 333999, "trumpPct": 0.3407, "clintonVotes": 624146, "clintonPct": 0.6368, "total": 980204, "registration2020": {"DEM": 634092, "REP": 428415, "NPA": 482076, "TOTAL": 1564297}, "registration2016": {"DEM": 585807, "REP": 372404, "NPA": 401032, "TOTAL": 1379230}}, "Monroe": {"trumpVotes": 21904, "trumpPct": 0.5157, "clintonVotes": 18971, "clintonPct": 0.4466, "total": 42478, "registration2020": {"DEM": 18752, "REP": 23345, "NPA": 13695, "TOTAL": 56910}, "registration2016": {"DEM": 17923, "REP": 20966, "NPA": 14378, "TOTAL": 54749}}, "Nassau": {"trumpVotes": 34266, "trumpPct": 0.7352, "clintonVotes": 10869, "clintonPct": 0.2332, "total": 46607, "registration2020": {"DEM": 15007, "REP": 42002, "NPA": 13911, "TOTAL": 72223}, "registration2016": {"DEM": 13903, "REP": 35172, "NPA": 10244, "TOTAL": 61292}}, "Okaloosa": {"trumpVotes": 71893, "trumpPct": 0.7128, "clintonVotes": 23780, "clintonPct": 0.2358, "total": 100855, "registration2020": {"DEM": 29454, "REP": 85351, "NPA": 33007, "TOTAL": 150654}, "registration2016": {"DEM": 26353, "REP": 78530, "NPA": 27963, "TOTAL": 135678}}, "Okeechobee": {"trumpVotes": 9356, "trumpPct": 0.6853, "clintonVotes": 3959, "clintonPct": 0.29, "total": 13653, "registration2020": {"DEM": 6857, "REP": 10907, "NPA": 4316, "TOTAL": 22394}, "registration2016": {"DEM": 7675, "REP": 8409, "NPA": 3304, "TOTAL": 20008}}, "Orange": {"trumpVotes": 195216, "trumpPct": 0.3537, "clintonVotes": 329894, "clintonPct": 0.5977, "total": 546275, "registration2020": {"DEM": 375659, "REP": 222871, "NPA": 254954, "TOTAL": 866460}, "registration2016": {"DEM": 330890, "REP": 213098, "NPA": 215449, "TOTAL": 776488}}, "Osceola": {"trumpVotes": 50301, "trumpPct": 0.3588, "clintonVotes": 85458, "clintonPct": 0.6095, "total": 140206, "registration2020": {"DEM": 100498, "REP": 55233, "NPA": 80642, "TOTAL": 239027}, "registration2016": {"DEM": 85839, "REP": 47090, "NPA": 59429, "TOTAL": 196326}}, "Palm Beach": {"trumpVotes": 272402, "trumpPct": 0.4113, "clintonVotes": 374673, "clintonPct": 0.5657, "total": 662332, "registration2020": {"DEM": 428430, "REP": 291938, "NPA": 281665, "TOTAL": 1020222}, "registration2016": {"DEM": 384141, "REP": 254919, "NPA": 231403, "TOTAL": 901642}}, "Pasco": {"trumpVotes": 142101, "trumpPct": 0.5893, "clintonVotes": 90142, "clintonPct": 0.3738, "total": 241139, "registration2020": {"DEM": 117981, "REP": 158934, "NPA": 109591, "TOTAL": 393392}, "registration2016": {"DEM": 107516, "REP": 130782, "NPA": 82547, "TOTAL": 336040}}, "Pinellas": {"trumpVotes": 239201, "trumpPct": 0.4858, "clintonVotes": 233701, "clintonPct": 0.4746, "total": 492403, "registration2020": {"DEM": 255497, "REP": 250463, "NPA": 194098, "TOTAL": 711462}, "registration2016": {"DEM": 232610, "REP": 231105, "NPA": 161243, "TOTAL": 648791}}, "Polk": {"trumpVotes": 157430, "trumpPct": 0.5537, "clintonVotes": 117433, "clintonPct": 0.413, "total": 284314, "registration2020": {"DEM": 161681, "REP": 172980, "NPA": 129781, "TOTAL": 471241}, "registration2016": {"DEM": 149748, "REP": 146376, "NPA": 99715, "TOTAL": 407653}}, "Putnam": {"trumpVotes": 22138, "trumpPct": 0.6685, "clintonVotes": 10094, "clintonPct": 0.3048, "total": 33117, "registration2020": {"DEM": 17360, "REP": 23075, "NPA": 9724, "TOTAL": 50692}, "registration2016": {"DEM": 20415, "REP": 17890, "NPA": 8143, "TOTAL": 47423}}, "Santa Rosa": {"trumpVotes": 65339, "trumpPct": 0.7446, "clintonVotes": 18464, "clintonPct": 0.2104, "total": 87745, "registration2020": {"DEM": 27234, "REP": 85755, "NPA": 29643, "TOTAL": 145810}, "registration2016": {"DEM": 26415, "REP": 76273, "NPA": 23895, "TOTAL": 130840}}, "Sarasota": {"trumpVotes": 124438, "trumpPct": 0.5432, "clintonVotes": 97870, "clintonPct": 0.4273, "total": 229063, "registration2020": {"DEM": 106151, "REP": 144775, "NPA": 84121, "TOTAL": 340092}, "registration2016": {"DEM": 92654, "REP": 129528, "NPA": 70299, "TOTAL": 301926}}, "Seminole": {"trumpVotes": 109443, "trumpPct": 0.4866, "clintonVotes": 105914, "clintonPct": 0.4709, "total": 224896, "registration2020": {"DEM": 116625, "REP": 118278, "NPA": 94728, "TOTAL": 335172}, "registration2016": {"DEM": 98117, "REP": 111773, "NPA": 74662, "TOTAL": 291964}}, "St. Johns": {"trumpVotes": 88684, "trumpPct": 0.6496, "clintonVotes": 43099, "clintonPct": 0.3157, "total": 136514, "registration2020": {"DEM": 52008, "REP": 111228, "NPA": 43478, "TOTAL": 210059}, "registration2016": {"DEM": 40878, "REP": 91710, "NPA": 35381, "TOTAL": 173203}}, "St. Lucie": {"trumpVotes": 70289, "trumpPct": 0.499, "clintonVotes": 66881, "clintonPct": 0.4748, "total": 140847, "registration2020": {"DEM": 87800, "REP": 74796, "NPA": 57770, "TOTAL": 223640}, "registration2016": {"DEM": 78611, "REP": 62548, "NPA": 46706, "TOTAL": 194368}}, "Sumter": {"trumpVotes": 52730, "trumpPct": 0.6878, "clintonVotes": 22638, "clintonPct": 0.2953, "total": 76665, "registration2020": {"DEM": 24928, "REP": 59782, "NPA": 20124, "TOTAL": 105612}, "registration2016": {"DEM": 23527, "REP": 48901, "NPA": 16700, "TOTAL": 92153}}, "Suwannee": {"trumpVotes": 14287, "trumpPct": 0.7643, "clintonVotes": 3964, "clintonPct": 0.212, "total": 18694, "registration2020": {"DEM": 8501, "REP": 14724, "NPA": 4157, "TOTAL": 27728}, "registration2016": {"DEM": 10941, "REP": 11354, "NPA": 3092, "TOTAL": 26422}}, "Taylor": {"trumpVotes": 6930, "trumpPct": 0.746, "clintonVotes": 2152, "clintonPct": 0.2316, "total": 9290, "registration2020": {"DEM": 4948, "REP": 6468, "NPA": 1263, "TOTAL": 12779}, "registration2016": {"DEM": 6952, "REP": 4198, "NPA": 908, "TOTAL": 12303}}, "Union": {"trumpVotes": 4568, "trumpPct": 0.8022, "clintonVotes": 1014, "clintonPct": 0.1781, "total": 5694, "registration2020": {"DEM": 2553, "REP": 4369, "NPA": 724, "TOTAL": 7718}, "registration2016": {"DEM": 3508, "REP": 3002, "NPA": 616, "TOTAL": 7256}}, "Volusia": {"trumpVotes": 143007, "trumpPct": 0.5482, "clintonVotes": 109091, "clintonPct": 0.4182, "total": 260869, "registration2020": {"DEM": 131467, "REP": 150103, "NPA": 110171, "TOTAL": 398530}, "registration2016": {"DEM": 128843, "REP": 127839, "NPA": 94834, "TOTAL": 363438}}, "Wakulla": {"trumpVotes": 10512, "trumpPct": 0.6848, "clintonVotes": 4348, "clintonPct": 0.2832, "total": 15351, "registration2020": {"DEM": 7770, "REP": 10902, "NPA": 3927, "TOTAL": 22909}, "registration2016": {"DEM": 8835, "REP": 7827, "NPA": 2806, "TOTAL": 20045}}, "Walton": {"trumpVotes": 25756, "trumpPct": 0.7657, "clintonVotes": 6876, "clintonPct": 0.2044, "total": 33637, "registration2020": {"DEM": 10664, "REP": 35307, "NPA": 11125, "TOTAL": 58057}, "registration2016": {"DEM": 9794, "REP": 27443, "NPA": 8518, "TOTAL": 46645}}, "Washington": {"trumpVotes": 8637, "trumpPct": 0.7742, "clintonVotes": 2264, "clintonPct": 0.2029, "total": 11156, "registration2020": {"DEM": 4817, "REP": 9594, "NPA": 2639, "TOTAL": 17191}, "registration2016": {"DEM": 5617, "REP": 7554, "NPA": 1770, "TOTAL": 15172}}, "TOTAL": {"trumpVotes": 4617886, "trumpPct": 0.4902, "clintonVotes": 4504975, "clintonPct": 0.4782, "total": 9420039, "registration2020": {"DEM": 5303254, "REP": 5169012, "NPA": 3753286, "TOTAL": 14441869}, "registration2016": {"DEM": 4877749, "REP": 4550311, "NPA": 3089929, "TOTAL": 12863773}}}