{ "Alachua" : { "trumpVotes": 46834, "trumpPct": 0.3643, "clintonVotes": 75820, "clintonPct": 0.5897, "total": 128571 }, 
 "Baker" : { "trumpVotes": 10294, "trumpPct": 0.8148, "clintonVotes": 2112, "clintonPct": 0.1672, "total": 12634 }, 
 "Bay" : { "trumpVotes": 62194, "trumpPct": 0.7112, "clintonVotes": 21797, "clintonPct": 0.2492, "total": 87453 }, 
 "Bradford" : { "trumpVotes": 8913, "trumpPct": 0.7367, "clintonVotes": 2924, "clintonPct": 0.2417, "total": 12098 }, 
 "Brevard" : { "trumpVotes": 181848, "trumpPct": 0.5778, "clintonVotes": 119679, "clintonPct": 0.3802, "total": 314752 }, 
 "Broward" : { "trumpVotes": 260951, "trumpPct": 0.3137, "clintonVotes": 553320, "clintonPct": 0.6651, "total": 831951 }, 
 "Calhoun" : { "trumpVotes": 4655, "trumpPct": 0.7655, "clintonVotes": 1241, "clintonPct": 0.2041, "total": 6081 }, 
 "Charlotte" : { "trumpVotes": 60218, "trumpPct": 0.6248, "clintonVotes": 33445, "clintonPct": 0.3470, "total": 96374 }, 
 "Citrus" : { "trumpVotes": 54456, "trumpPct": 0.6833, "clintonVotes": 22789, "clintonPct": 0.2859, "total": 79700 }, 
 "Clay" : { "trumpVotes": 74963, "trumpPct": 0.7040, "clintonVotes": 27822, "clintonPct": 0.2613, "total": 106483 }, 
 "Collier" : { "trumpVotes": 105423, "trumpPct": 0.6173, "clintonVotes": 61085, "clintonPct": 0.3577, "total": 170789 }, 
 "Columbia" : { "trumpVotes": 20368, "trumpPct": 0.7095, "clintonVotes": 7601, "clintonPct": 0.2648, "total": 28707 }, 
 "DeSoto" : { "trumpVotes": 6778, "trumpPct": 0.6265, "clintonVotes": 3781, "clintonPct": 0.3495, "total": 10818 }, 
 "Dixie" : { "trumpVotes": 5822, "trumpPct": 0.8084, "clintonVotes": 1270, "clintonPct": 0.1763, "total": 7202 }, 
 "Duval" : { "trumpVotes": 211672, "trumpPct": 0.4892, "clintonVotes": 205704, "clintonPct": 0.4754, "total": 432695 }, 
 "Escambia" : { "trumpVotes": 88808, "trumpPct": 0.5825, "clintonVotes": 57461, "clintonPct": 0.3769, "total": 152469 }, 
 "Flagler" : { "trumpVotes": 33850, "trumpPct": 0.5887, "clintonVotes": 22026, "clintonPct": 0.3830, "total": 57503 }, 
 "Franklin" : { "trumpVotes": 4125, "trumpPct": 0.6858, "clintonVotes": 1744, "clintonPct": 0.2899, "total": 6015 }, 
 "Gadsden" : { "trumpVotes": 6728, "trumpPct": 0.3043, "clintonVotes": 15020, "clintonPct": 0.6792, "total": 22113 }, 
 "Gilchrist" : { "trumpVotes": 6740, "trumpPct": 0.8005, "clintonVotes": 1458, "clintonPct": 0.1732, "total": 8420 }, 
 "Glades" : { "trumpVotes": 2996, "trumpPct": 0.6883, "clintonVotes": 1271, "clintonPct": 0.2920, "total": 4353 }, 
 "Gulf" : { "trumpVotes": 5329, "trumpPct": 0.7307, "clintonVotes": 1720, "clintonPct": 0.2358, "total": 7293 }, 
 "Hamilton" : { "trumpVotes": 3443, "trumpPct": 0.6306, "clintonVotes": 1904, "clintonPct": 0.3487, "total": 5460 }, 
 "Hardee" : { "trumpVotes": 5242, "trumpPct": 0.6913, "clintonVotes": 2149, "clintonPct": 0.2834, "total": 7583 }, 
 "Hendry" : { "trumpVotes": 6195, "trumpPct": 0.5574, "clintonVotes": 4615, "clintonPct": 0.4152, "total": 11115 }, 
 "Hernando" : { "trumpVotes": 58970, "trumpPct": 0.6287, "clintonVotes": 31795, "clintonPct": 0.3390, "total": 93796 }, 
 "Highlands" : { "trumpVotes": 29565, "trumpPct": 0.6471, "clintonVotes": 14937, "clintonPct": 0.3269, "total": 45686 }, 
 "Hillsborough" : { "trumpVotes": 266870, "trumpPct": 0.4465, "clintonVotes": 307896, "clintonPct": 0.5152, "total": 597660 }, 
 "Holmes" : { "trumpVotes": 7483, "trumpPct": 0.8789, "clintonVotes": 853, "clintonPct": 0.1002, "total": 8514 }, 
 "Indian River" : { "trumpVotes": 48620, "trumpPct": 0.6077, "clintonVotes": 29043, "clintonPct": 0.3630, "total": 80009 }, 
 "Jackson" : { "trumpVotes": 14257, "trumpPct": 0.6776, "clintonVotes": 6397, "clintonPct": 0.3040, "total": 21041 }, 
 "Jefferson" : { "trumpVotes": 3930, "trumpPct": 0.5141, "clintonVotes": 3541, "clintonPct": 0.4632, "total": 7645 }, 
 "Lafayette" : { "trumpVotes": 2809, "trumpPct": 0.8281, "clintonVotes": 518, "clintonPct": 0.1527, "total": 3392 }, 
 "Lake" : { "trumpVotes": 102188, "trumpPct": 0.5995, "clintonVotes": 62838, "clintonPct": 0.3686, "total": 170462 }, 
 "Lee" : { "trumpVotes": 191551, "trumpPct": 0.5868, "clintonVotes": 124908, "clintonPct": 0.3827, "total": 326420 }, 
 "Leon" : { "trumpVotes": 53821, "trumpPct": 0.3538, "clintonVotes": 92068, "clintonPct": 0.6052, "total": 152132 }, 
 "Levy" : { "trumpVotes": 13775, "trumpPct": 0.7102, "clintonVotes": 5101, "clintonPct": 0.2630, "total": 19395 }, 
 "Liberty" : { "trumpVotes": 2543, "trumpPct": 0.7715, "clintonVotes": 651, "clintonPct": 0.1975, "total": 3296 }, 
 "Madison" : { "trumpVotes": 4851, "trumpPct": 0.5704, "clintonVotes": 3526, "clintonPct": 0.4146, "total": 8505 }, 
 "Manatee" : { "trumpVotes": 101944, "trumpPct": 0.5697, "clintonVotes": 71224, "clintonPct": 0.3980, "total": 178958 }, 
 "Marion" : { "trumpVotes": 107833, "trumpPct": 0.6172, "clintonVotes": 62041, "clintonPct": 0.3551, "total": 174700 }, 
 "Martin" : { "trumpVotes": 53204, "trumpPct": 0.6202, "clintonVotes": 30185, "clintonPct": 0.3518, "total": 85792 }, 
 "Miami-Dade" : { "trumpVotes": 333999, "trumpPct": 0.3407, "clintonVotes": 624146, "clintonPct": 0.6368, "total": 980204 }, 
 "Monroe" : { "trumpVotes": 21904, "trumpPct": 0.5157, "clintonVotes": 18971, "clintonPct": 0.4466, "total": 42478 }, 
 "Nassau" : { "trumpVotes": 34266, "trumpPct": 0.7352, "clintonVotes": 10869, "clintonPct": 0.2332, "total": 46607 }, 
 "Okaloosa" : { "trumpVotes": 71893, "trumpPct": 0.7128, "clintonVotes": 23780, "clintonPct": 0.2358, "total": 100855 }, 
 "Okeechobee" : { "trumpVotes": 9356, "trumpPct": 0.6853, "clintonVotes": 3959, "clintonPct": 0.2900, "total": 13653 }, 
 "Orange" : { "trumpVotes": 195216, "trumpPct": 0.3537, "clintonVotes": 329894, "clintonPct": 0.5977, "total": 546275 }, 
 "Osceola" : { "trumpVotes": 50301, "trumpPct": 0.3588, "clintonVotes": 85458, "clintonPct": 0.6095, "total": 140206 }, 
 "Palm Beach" : { "trumpVotes": 272402, "trumpPct": 0.4113, "clintonVotes": 374673, "clintonPct": 0.5657, "total": 662332 }, 
 "Pasco" : { "trumpVotes": 142101, "trumpPct": 0.5893, "clintonVotes": 90142, "clintonPct": 0.3738, "total": 241139 }, 
 "Pinellas" : { "trumpVotes": 239201, "trumpPct": 0.4858, "clintonVotes": 233701, "clintonPct": 0.4746, "total": 492403 }, 
 "Polk" : { "trumpVotes": 157430, "trumpPct": 0.5537, "clintonVotes": 117433, "clintonPct": 0.4130, "total": 284314 }, 
 "Putnam" : { "trumpVotes": 22138, "trumpPct": 0.6685, "clintonVotes": 10094, "clintonPct": 0.3048, "total": 33117 }, 
 "Santa Rosa" : { "trumpVotes": 65339, "trumpPct": 0.7446, "clintonVotes": 18464, "clintonPct": 0.2104, "total": 87745 }, 
 "Sarasota" : { "trumpVotes": 124438, "trumpPct": 0.5432, "clintonVotes": 97870, "clintonPct": 0.4273, "total": 229063 }, 
 "Seminole" : { "trumpVotes": 109443, "trumpPct": 0.4866, "clintonVotes": 105914, "clintonPct": 0.4709, "total": 224896 }, 
 "St. Johns" : { "trumpVotes": 88684, "trumpPct": 0.6496, "clintonVotes": 43099, "clintonPct": 0.3157, "total": 136514 }, 
 "St. Lucie" : { "trumpVotes": 70289, "trumpPct": 0.4990, "clintonVotes": 66881, "clintonPct": 0.4748, "total": 140847 }, 
 "Sumter" : { "trumpVotes": 52730, "trumpPct": 0.6878, "clintonVotes": 22638, "clintonPct": 0.2953, "total": 76665 }, 
 "Suwannee" : { "trumpVotes": 14287, "trumpPct": 0.7643, "clintonVotes": 3964, "clintonPct": 0.2120, "total": 18694 }, 
 "Taylor" : { "trumpVotes": 6930, "trumpPct": 0.7460, "clintonVotes": 2152, "clintonPct": 0.2316, "total": 9290 }, 
 "Union" : { "trumpVotes": 4568, "trumpPct": 0.8022, "clintonVotes": 1014, "clintonPct": 0.1781, "total": 5694 }, 
 "Volusia" : { "trumpVotes": 143007, "trumpPct": 0.5482, "clintonVotes": 109091, "clintonPct": 0.4182, "total": 260869 }, 
 "Wakulla" : { "trumpVotes": 10512, "trumpPct": 0.6848, "clintonVotes": 4348, "clintonPct": 0.2832, "total": 15351 }, 
 "Walton" : { "trumpVotes": 25756, "trumpPct": 0.7657, "clintonVotes": 6876, "clintonPct": 0.2044, "total": 33637 }, 
 "Washington" : { "trumpVotes": 8637, "trumpPct": 0.7742, "clintonVotes": 2264, "clintonPct": 0.2029, "total": 11156 }, 
 "TOTAL" : { "trumpVotes": 4617886, "trumpPct": 0.4902, "clintonVotes": 4504975, "clintonPct": 0.4782, "total": 9420039 }}