{"TOTAL": {"TOTAL": {"total": 10680760, "Mail": 4841476, "EarlyVoting": 4332537, "ElectionDay": 1506747, "Provisional": 10581}, "REP": {"total": 4170066, "Mail": 1504132, "EarlyVoting": 1959988, "ElectionDay": 705946, "Provisional": 4121}, "DEM": {"total": 3979617, "Mail": 2184200, "EarlyVoting": 1401490, "ElectionDay": 393927, "Provisional": 2713}, "OTH": {"total": 14847, "Mail": 6114, "EarlyVoting": 8457, "ElectionDay": 276, "Provisional": 799}, "NPA": {"total": 2375666, "Mail": 1088737, "EarlyVoting": 907616, "ElectionDay": 379313, "Provisional": 2697}, "CPF": {"total": 1628, "ElectionDay": 391, "EarlyVoting": 706, "Mail": 531, "Provisional": 2}, "ECO": {"total": 470, "ElectionDay": 111, "EarlyVoting": 146, "Mail": 213, "Provisional": 2}, "GRE": {"total": 4002, "ElectionDay": 801, "EarlyVoting": 1178, "Mail": 2023, "Provisional": 8}, "IND": {"total": 107702, "ElectionDay": 19321, "EarlyVoting": 42319, "Mail": 46062, "Provisional": 174}, "LPF": {"total": 25135, "ElectionDay": 6333, "EarlyVoting": 10023, "Mail": 8779, "Provisional": 37}, "PSL": {"total": 636, "ElectionDay": 121, "EarlyVoting": 213, "Mail": 302, "Provisional": 1}, "REF": {"total": 857, "ElectionDay": 186, "EarlyVoting": 365, "Mail": 306, "Provisional": 3}, "UNK": {"total": 102, "ElectionDay": 18, "Mail": 57, "Provisional": 11, "EarlyVoting": 27}, "NRS": {"total": 10, "EarlyVoting": 2, "Mail": 6, "ElectionDay": 2}, "AAP": {"total": 1, "EarlyVoting": 1}, "???": {"total": 1, "Mail": 1}, "IDP": {"total": 3, "Mail": 3, "Provisional": 1}, "INT": {"total": 1, "Provisional": 6, "ElectionDay": 1}, "TPF": {"total": 1, "EarlyVoting": 1}, "IDF": {"total": 5, "EarlyVoting": 4, "Mail": 1}, "AIP": {"total": 8, "Mail": 7, "EarlyVoting": 1}, "NPC": {"total": 0, "Provisional": 3}, "": {"total": 2, "Provisional": 3, "Mail": 2}}, "TIMESTAMP": "2020-11-03T21:42:59.962890-05:00 EST", "Miami-Dade": {"TOTAL": {"total": 1013578, "Mail": 499955, "EarlyVoting": 513623}, "REP": {"total": 310841, "Mail": 127577, "EarlyVoting": 183264}, "DEM": {"total": 412413, "Mail": 228747, "EarlyVoting": 183666}, "OTH": {"total": 12997, "Mail": 5911, "EarlyVoting": 7086}, "NPA": {"total": 277327, "Mail": 137720, "EarlyVoting": 139607}}, "Sarasota": {"TOTAL": {"total": 269602, "Mail": 138663, "EarlyVoting": 88729, "ElectionDay": 42210}, "REP": {"total": 121625, "Mail": 48860, "EarlyVoting": 49250, "ElectionDay": 23515}, "DEM": {"total": 85853, "Mail": 60068, "EarlyVoting": 18691, "ElectionDay": 7094}, "OTH": {"total": 1775, "Mail": 203, "EarlyVoting": 1367, "ElectionDay": 205}, "NPA": {"total": 60349, "Mail": 29532, "EarlyVoting": 19421, "ElectionDay": 11396}}, "Alachua": {"TOTAL": {"total": 143381, "ElectionDay": 27073, "EarlyVoting": 54681, "Mail": 61627, "Provisional": 0}, "CPF": {"total": 10, "ElectionDay": 3, "EarlyVoting": 6, "Mail": 1}, "DEM": {"total": 73729, "ElectionDay": 9908, "EarlyVoting": 26692, "Mail": 37129, "Provisional": 31}, "ECO": {"total": 9, "ElectionDay": 1, "EarlyVoting": 4, "Mail": 4}, "GRE": {"total": 111, "ElectionDay": 30, "EarlyVoting": 27, "Mail": 54}, "IND": {"total": 1300, "ElectionDay": 267, "EarlyVoting": 544, "Mail": 489, "Provisional": 6}, "LPF": {"total": 606, "ElectionDay": 191, "EarlyVoting": 228, "Mail": 187, "Provisional": 1}, "NPA": {"total": 26803, "ElectionDay": 5792, "EarlyVoting": 9435, "Mail": 11576, "Provisional": 26}, "PSL": {"total": 12, "ElectionDay": 3, "EarlyVoting": 2, "Mail": 7}, "REF": {"total": 19, "ElectionDay": 2, "EarlyVoting": 9, "Mail": 8}, "REP": {"total": 40780, "ElectionDay": 10875, "EarlyVoting": 17734, "Mail": 12171, "Provisional": 22}, "UNK": {"total": 2, "ElectionDay": 1, "Mail": 1}, "OTH": {"total": 0, "Provisional": 66}}, "Baker": {"TOTAL": {"total": 14133, "Mail": 2852, "EarlyVoting": 7243, "ElectionDay": 4038}, "IND": {"total": 70, "Mail": 21, "EarlyVoting": 33, "ElectionDay": 16}, "DEM": {"total": 3421, "EarlyVoting": 1330, "Mail": 984, "ElectionDay": 1107}, "GRE": {"total": 4, "EarlyVoting": 3, "ElectionDay": 1}, "LPF": {"total": 28, "Mail": 4, "EarlyVoting": 14, "ElectionDay": 10}, "REP": {"total": 9346, "EarlyVoting": 5271, "ElectionDay": 2465, "Mail": 1610}, "NPA": {"total": 1257, "EarlyVoting": 585, "ElectionDay": 439, "Mail": 233}, "PSL": {"total": 1, "EarlyVoting": 1}, "CPF": {"total": 6, "EarlyVoting": 6}}, "Bay": {"TOTAL": {"total": 93328, "ElectionDay": 8731, "EarlyVoting": 55668, "Mail": 28929, "Provisional": 0}, "CPF": {"total": 18, "ElectionDay": 2, "EarlyVoting": 14, "Mail": 2}, "DEM": {"total": 22072, "ElectionDay": 1605, "EarlyVoting": 10181, "Mail": 10286, "Provisional": 29}, "ECO": {"total": 6, "ElectionDay": 2, "EarlyVoting": 3, "Mail": 1}, "GRE": {"total": 52, "ElectionDay": 9, "EarlyVoting": 21, "Mail": 22}, "IND": {"total": 993, "ElectionDay": 134, "EarlyVoting": 557, "Mail": 302, "Provisional": 2}, "LPF": {"total": 423, "ElectionDay": 57, "EarlyVoting": 251, "Mail": 115, "Provisional": 1}, "NPA": {"total": 15666, "ElectionDay": 2157, "EarlyVoting": 8888, "Mail": 4621, "Provisional": 23}, "PSL": {"total": 9, "ElectionDay": 1, "EarlyVoting": 3, "Mail": 5}, "REF": {"total": 12, "ElectionDay": 1, "EarlyVoting": 7, "Mail": 4}, "REP": {"total": 54066, "ElectionDay": 4762, "EarlyVoting": 35743, "Mail": 13561, "Provisional": 62}, "UNK": {"total": 11, "ElectionDay": 1, "Mail": 10, "Provisional": 1}}, "Bradford": {"TOTAL": {"total": 13700, "ElectionDay": 4536, "Mail": 3844, "EarlyVoting": 5320}, "CPF": {"total": 2, "ElectionDay": 1, "Mail": 1}, "DEM": {"total": 4067, "EarlyVoting": 1417, "ElectionDay": 1118, "Mail": 1532}, "ECO": {"total": 1, "Mail": 1}, "GRE": {"total": 5, "EarlyVoting": 2, "ElectionDay": 3}, "IND": {"total": 68, "EarlyVoting": 27, "ElectionDay": 23, "Mail": 18}, "LPF": {"total": 44, "EarlyVoting": 12, "ElectionDay": 20, "Mail": 12}, "NPA": {"total": 1478, "EarlyVoting": 532, "ElectionDay": 569, "Mail": 377}, "REF": {"total": 1, "ElectionDay": 1}, "REP": {"total": 8034, "EarlyVoting": 3330, "ElectionDay": 2801, "Mail": 1903}}, "Brevard": {"TOTAL": {"total": 362925, "ElectionDay": 72627, "EarlyVoting": 143168, "Mail": 147130, "Provisional": 0}, "CPF": {"total": 101, "ElectionDay": 30, "EarlyVoting": 40, "Mail": 31}, "DEM": {"total": 112121, "ElectionDay": 15600, "EarlyVoting": 36947, "Mail": 59574, "Provisional": 46}, "ECO": {"total": 30, "ElectionDay": 14, "EarlyVoting": 4, "Mail": 12}, "GRE": {"total": 213, "ElectionDay": 48, "EarlyVoting": 76, "Mail": 89}, "IND": {"total": 5138, "ElectionDay": 1142, "EarlyVoting": 1995, "Mail": 2001, "Provisional": 6}, "LPF": {"total": 1279, "ElectionDay": 381, "EarlyVoting": 528, "Mail": 370, "Provisional": 2}, "NPA": {"total": 78318, "ElectionDay": 18491, "EarlyVoting": 29130, "Mail": 30697, "Provisional": 64}, "PSL": {"total": 23, "ElectionDay": 5, "EarlyVoting": 7, "Mail": 11}, "REF": {"total": 32, "ElectionDay": 15, "EarlyVoting": 9, "Mail": 8}, "REP": {"total": 165669, "ElectionDay": 36901, "EarlyVoting": 74432, "Mail": 54336, "Provisional": 87}, "UNK": {"total": 1, "Mail": 1}, "OTH": {"total": 0, "Provisional": 61}}, "Broward": {"TOTAL": {"total": 963209, "ElectionDay": 123842, "EarlyVoting": 364712, "Mail": 474655, "Provisional": 0}, "CPF": {"total": 114, "ElectionDay": 31, "EarlyVoting": 43, "Mail": 40}, "DEM": {"total": 496184, "ElectionDay": 48807, "EarlyVoting": 172885, "Mail": 274492, "Provisional": 128}, "ECO": {"total": 58, "ElectionDay": 9, "EarlyVoting": 19, "Mail": 30}, "GRE": {"total": 315, "ElectionDay": 54, "EarlyVoting": 98, "Mail": 163}, "IND": {"total": 10281, "ElectionDay": 1582, "EarlyVoting": 4373, "Mail": 4326, "Provisional": 8}, "LPF": {"total": 1322, "ElectionDay": 286, "EarlyVoting": 518, "Mail": 518, "Provisional": 1}, "NPA": {"total": 237420, "ElectionDay": 37205, "EarlyVoting": 86818, "Mail": 113397, "Provisional": 68}, "PSL": {"total": 53, "ElectionDay": 13, "EarlyVoting": 21, "Mail": 19}, "REF": {"total": 67, "ElectionDay": 11, "EarlyVoting": 25, "Mail": 31}, "REP": {"total": 217383, "ElectionDay": 35842, "EarlyVoting": 99909, "Mail": 81632, "Provisional": 63}, "UNK": {"total": 7, "ElectionDay": 2, "EarlyVoting": 2, "Mail": 3}, "NRS": {"total": 5, "EarlyVoting": 1, "Mail": 4}, "OTH": {"total": 0, "Provisional": 326}}, "Calhoun": {"TOTAL": {"total": 6547, "EarlyVoting": 3141, "ElectionDay": 1864, "Mail": 1542, "Provisional": 0}, "AAP": {"total": 1, "EarlyVoting": 1}, "CPF": {"total": 4, "EarlyVoting": 1, "ElectionDay": 3}, "DEM": {"total": 2964, "EarlyVoting": 1241, "ElectionDay": 867, "Mail": 856, "Provisional": 2}, "GRE": {"total": 3, "ElectionDay": 3}, "IND": {"total": 25, "EarlyVoting": 6, "ElectionDay": 10, "Mail": 9}, "LPF": {"total": 6, "EarlyVoting": 3, "ElectionDay": 3}, "NPA": {"total": 528, "EarlyVoting": 239, "ElectionDay": 184, "Mail": 105, "Provisional": 2}, "OTH": {"total": 0, "Provisional": 4}, "REF": {"total": 1, "Mail": 1}, "REP": {"total": 3015, "EarlyVoting": 1650, "ElectionDay": 794, "Mail": 571, "Provisional": 3}, "UNK": {"total": 0, "Provisional": 1}}, "Charlotte": {"TOTAL": {"total": 116900, "ElectionDay": 15661, "EarlyVoting": 44389, "Mail": 56850, "Provisional": 0}, "CPF": {"total": 20, "ElectionDay": 3, "EarlyVoting": 8, "Mail": 9}, "DEM": {"total": 31043, "ElectionDay": 2535, "EarlyVoting": 7880, "Mail": 20628, "Provisional": 20}, "GRE": {"total": 46, "ElectionDay": 11, "EarlyVoting": 6, "Mail": 29}, "IND": {"total": 1851, "ElectionDay": 296, "EarlyVoting": 662, "Mail": 893, "Provisional": 1}, "LPF": {"total": 226, "ElectionDay": 60, "EarlyVoting": 86, "Mail": 80}, "NPA": {"total": 25745, "ElectionDay": 4240, "EarlyVoting": 9167, "Mail": 12338, "Provisional": 33}, "PSL": {"total": 4, "ElectionDay": 1, "EarlyVoting": 1, "Mail": 2}, "REF": {"total": 6, "ElectionDay": 2, "EarlyVoting": 2, "Mail": 2}, "REP": {"total": 57954, "ElectionDay": 8513, "EarlyVoting": 26576, "Mail": 22865, "Provisional": 130}, "ECO": {"total": 5, "EarlyVoting": 1, "Mail": 4}}, "Citrus": {"TOTAL": {"total": 93512, "ElectionDay": 20643, "EarlyVoting": 33580, "Mail": 39289, "Provisional": 0}, "CPF": {"total": 19, "ElectionDay": 5, "EarlyVoting": 7, "Mail": 7}, "DEM": {"total": 22618, "ElectionDay": 3271, "EarlyVoting": 5633, "Mail": 13714, "Provisional": 24}, "ECO": {"total": 5, "ElectionDay": 2, "EarlyVoting": 2, "Mail": 1}, "GRE": {"total": 36, "ElectionDay": 7, "EarlyVoting": 8, "Mail": 21}, "IND": {"total": 1037, "ElectionDay": 241, "EarlyVoting": 348, "Mail": 448, "Provisional": 3}, "LPF": {"total": 237, "ElectionDay": 84, "EarlyVoting": 85, "Mail": 68, "Provisional": 2}, "NPA": {"total": 17868, "ElectionDay": 4504, "EarlyVoting": 5908, "Mail": 7456, "Provisional": 37}, "PSL": {"total": 5, "ElectionDay": 1, "EarlyVoting": 1, "Mail": 3}, "REF": {"total": 9, "ElectionDay": 4, "EarlyVoting": 3, "Mail": 2}, "REP": {"total": 51677, "ElectionDay": 12524, "EarlyVoting": 21585, "Mail": 17568, "Provisional": 150}, "???": {"total": 1, "Mail": 1}}, "Clay": {"TOTAL": {"total": 124917, "ElectionDay": 24422, "EarlyVoting": 66008, "Mail": 34487, "Provisional": 0}, "CPF": {"total": 21, "ElectionDay": 6, "EarlyVoting": 9, "Mail": 6}, "DEM": {"total": 26996, "ElectionDay": 3650, "EarlyVoting": 12519, "Mail": 10827, "Provisional": 23}, "ECO": {"total": 6, "ElectionDay": 1, "EarlyVoting": 4, "Mail": 1}, "GRE": {"total": 48, "ElectionDay": 13, "EarlyVoting": 17, "Mail": 18}, "IND": {"total": 1268, "ElectionDay": 293, "EarlyVoting": 593, "Mail": 382}, "LPF": {"total": 444, "ElectionDay": 123, "EarlyVoting": 209, "Mail": 112}, "NPA": {"total": 21727, "ElectionDay": 5080, "EarlyVoting": 10001, "Mail": 6646, "Provisional": 16}, "PSL": {"total": 9, "ElectionDay": 4, "EarlyVoting": 2, "Mail": 3}, "REF": {"total": 8, "ElectionDay": 1, "EarlyVoting": 7}, "REP": {"total": 74386, "ElectionDay": 15249, "EarlyVoting": 42647, "Mail": 16490, "Provisional": 20}, "UNK": {"total": 2, "ElectionDay": 2}, "IDP": {"total": 2, "Mail": 2}}, "Collier": {"TOTAL": {"total": 209110, "ElectionDay": 28674, "EarlyVoting": 77525, "Mail": 102911, "Provisional": 0}, "CPF": {"total": 35, "ElectionDay": 9, "EarlyVoting": 16, "Mail": 10}, "DEM": {"total": 51521, "ElectionDay": 5140, "EarlyVoting": 15417, "Mail": 30964, "Provisional": 62}, "GRE": {"total": 66, "ElectionDay": 16, "EarlyVoting": 16, "Mail": 34}, "IND": {"total": 1846, "ElectionDay": 284, "EarlyVoting": 688, "Mail": 874, "Provisional": 8}, "LPF": {"total": 453, "ElectionDay": 112, "EarlyVoting": 160, "Mail": 181, "Provisional": 1}, "NPA": {"total": 45275, "ElectionDay": 7451, "EarlyVoting": 15801, "Mail": 22023, "Provisional": 86}, "PSL": {"total": 4, "ElectionDay": 1, "EarlyVoting": 2, "Mail": 1}, "REF": {"total": 37, "ElectionDay": 8, "EarlyVoting": 16, "Mail": 13}, "REP": {"total": 109863, "ElectionDay": 15653, "EarlyVoting": 45404, "Mail": 48806, "Provisional": 380}, "ECO": {"total": 9, "EarlyVoting": 4, "Mail": 5}, "UNK": {"total": 1, "EarlyVoting": 1, "Provisional": 1}, "INT": {"total": 0, "Provisional": 2}}, "Columbia": {"TOTAL": {"total": 33234, "ElectionDay": 6924, "EarlyVoting": 16563, "Mail": 9747, "Provisional": 0}, "CPF": {"total": 14, "ElectionDay": 6, "EarlyVoting": 5, "Mail": 3}, "DEM": {"total": 10096, "ElectionDay": 1834, "EarlyVoting": 4039, "Mail": 4223, "Provisional": 42}, "GRE": {"total": 18, "ElectionDay": 6, "EarlyVoting": 7, "Mail": 5}, "IND": {"total": 198, "ElectionDay": 56, "EarlyVoting": 75, "Mail": 67, "Provisional": 2}, "LPF": {"total": 107, "ElectionDay": 28, "EarlyVoting": 60, "Mail": 19, "Provisional": 1}, "NPA": {"total": 4352, "ElectionDay": 1134, "EarlyVoting": 1969, "Mail": 1249, "Provisional": 12}, "PSL": {"total": 3, "ElectionDay": 1, "EarlyVoting": 1, "Mail": 1}, "REP": {"total": 18441, "ElectionDay": 3859, "EarlyVoting": 10404, "Mail": 4178, "Provisional": 17}, "REF": {"total": 2, "EarlyVoting": 2}, "TPF": {"total": 1, "EarlyVoting": 1}, "UNK": {"total": 2, "Mail": 2}}, "DeSoto": {"TOTAL": {"total": 9377, "Mail": 3463, "EarlyVoting": 5914, "Provisional": 0}, "IND": {"total": 49, "Mail": 20, "EarlyVoting": 29}, "CPF": {"total": 3, "Mail": 1, "EarlyVoting": 2}, "IDF": {"total": 4, "EarlyVoting": 4}, "DEM": {"total": 3649, "EarlyVoting": 2106, "Mail": 1543}, "LPF": {"total": 10, "Mail": 5, "EarlyVoting": 5}, "REP": {"total": 4100, "EarlyVoting": 2800, "Mail": 1300, "Provisional": 1}, "NPA": {"total": 1559, "EarlyVoting": 968, "Mail": 591}, "GRE": {"total": 2, "Mail": 2}, "REF": {"total": 1, "Mail": 1}}, "Dixie": {"TOTAL": {"total": 8119, "Mail": 2644, "EarlyVoting": 3037, "ElectionDay": 2438}, "IND": {"total": 45, "Mail": 16, "EarlyVoting": 17, "ElectionDay": 12}, "DEM": {"total": 2214, "EarlyVoting": 721, "Mail": 881, "ElectionDay": 612}, "REF": {"total": 4, "EarlyVoting": 1, "ElectionDay": 2, "Mail": 1}, "LPF": {"total": 11, "Mail": 4, "EarlyVoting": 5, "ElectionDay": 2}, "CPF": {"total": 3, "ElectionDay": 1, "EarlyVoting": 2}, "REP": {"total": 4865, "EarlyVoting": 1946, "ElectionDay": 1490, "Mail": 1429}, "NPA": {"total": 973, "EarlyVoting": 344, "ElectionDay": 318, "Mail": 311}, "UNK": {"total": 1, "Mail": 1}, "GRE": {"total": 2, "Mail": 1, "ElectionDay": 1}, "PSL": {"total": 1, "EarlyVoting": 1}}, "Duval": {"TOTAL": {"total": 493513, "ElectionDay": 91285, "EarlyVoting": 265246, "Mail": 136982, "Provisional": 0}, "CPF": {"total": 68, "ElectionDay": 19, "EarlyVoting": 30, "Mail": 19}, "DEM": {"total": 207079, "ElectionDay": 29061, "EarlyVoting": 110031, "Mail": 67987, "Provisional": 300}, "ECO": {"total": 27, "ElectionDay": 10, "EarlyVoting": 12, "Mail": 5, "Provisional": 1}, "GRE": {"total": 238, "ElectionDay": 55, "EarlyVoting": 106, "Mail": 77, "Provisional": 1}, "IND": {"total": 5439, "ElectionDay": 1176, "EarlyVoting": 2585, "Mail": 1678, "Provisional": 17}, "LPF": {"total": 1923, "ElectionDay": 611, "EarlyVoting": 863, "Mail": 449, "Provisional": 13}, "NPA": {"total": 83492, "ElectionDay": 18952, "EarlyVoting": 40239, "Mail": 24301, "Provisional": 221}, "PSL": {"total": 40, "ElectionDay": 10, "EarlyVoting": 18, "Mail": 12, "Provisional": 1}, "REF": {"total": 55, "ElectionDay": 16, "EarlyVoting": 31, "Mail": 8, "Provisional": 1}, "REP": {"total": 195149, "ElectionDay": 41375, "EarlyVoting": 111331, "Mail": 42443, "Provisional": 947}, "AIP": {"total": 2, "Mail": 2}, "NRS": {"total": 1, "Mail": 1}, "NPC": {"total": 0, "Provisional": 2}, "UNK": {"total": 0, "Provisional": 1}}, "Escambia": {"TOTAL": {"total": 171295, "ElectionDay": 40163, "EarlyVoting": 69836, "Mail": 61296, "Provisional": 0}, "CPF": {"total": 37, "ElectionDay": 9, "EarlyVoting": 16, "Mail": 12}, "DEM": {"total": 57520, "ElectionDay": 11079, "EarlyVoting": 21036, "Mail": 25405, "Provisional": 27}, "ECO": {"total": 6, "ElectionDay": 3, "EarlyVoting": 2, "Mail": 1}, "GRE": {"total": 83, "ElectionDay": 21, "EarlyVoting": 24, "Mail": 38}, "IND": {"total": 1882, "ElectionDay": 458, "EarlyVoting": 714, "Mail": 710, "Provisional": 2}, "LPF": {"total": 698, "ElectionDay": 241, "EarlyVoting": 242, "Mail": 215}, "NPA": {"total": 28214, "ElectionDay": 7681, "EarlyVoting": 10007, "Mail": 10526, "Provisional": 86}, "PSL": {"total": 23, "ElectionDay": 3, "EarlyVoting": 7, "Mail": 13}, "REF": {"total": 15, "ElectionDay": 6, "EarlyVoting": 5, "Mail": 4}, "REP": {"total": 82798, "ElectionDay": 20654, "EarlyVoting": 37776, "Mail": 24368, "Provisional": 57}, "UNK": {"total": 17, "ElectionDay": 8, "EarlyVoting": 6, "Mail": 3}, "NRS": {"total": 2, "EarlyVoting": 1, "Mail": 1}}, "Flagler": {"TOTAL": {"total": 72304, "EarlyVoting": 28606, "Mail": 31792, "ElectionDay": 11906}, "IND": {"total": 740, "EarlyVoting": 268, "Mail": 312, "ElectionDay": 160}, "REP": {"total": 33924, "Mail": 11614, "EarlyVoting": 16284, "ElectionDay": 6026}, "DEM": {"total": 22339, "EarlyVoting": 6443, "Mail": 13426, "ElectionDay": 2470}, "ECO": {"total": 6, "ElectionDay": 1, "EarlyVoting": 1, "Mail": 4}, "LPF": {"total": 165, "Mail": 41, "EarlyVoting": 72, "ElectionDay": 52}, "REF": {"total": 6, "Mail": 3, "EarlyVoting": 1, "ElectionDay": 2}, "OTH": {"total": 48, "EarlyVoting": 2, "ElectionDay": 46}, "PSL": {"total": 4, "ElectionDay": 1, "Mail": 2, "EarlyVoting": 1}, "CPF": {"total": 10, "EarlyVoting": 6, "ElectionDay": 3, "Mail": 1}, "NPA": {"total": 15040, "ElectionDay": 3145, "Mail": 6375, "EarlyVoting": 5520}, "GRE": {"total": 22, "Mail": 14, "EarlyVoting": 8}}, "Franklin": {"TOTAL": {"total": 6891, "Mail": 2559, "EarlyVoting": 2599, "ElectionDay": 1733, "Provisional": 0}, "IND": {"total": 108, "Mail": 44, "EarlyVoting": 37, "ElectionDay": 27}, "CPF": {"total": 2, "Mail": 1, "ElectionDay": 1}, "DEM": {"total": 2984, "EarlyVoting": 1018, "Mail": 1286, "ElectionDay": 680, "Provisional": 4}, "PSL": {"total": 1, "Mail": 1}, "REF": {"total": 1, "EarlyVoting": 1}, "LPF": {"total": 12, "Mail": 4, "EarlyVoting": 5, "ElectionDay": 3}, "REP": {"total": 2957, "EarlyVoting": 1261, "ElectionDay": 782, "Mail": 914, "Provisional": 1}, "NPA": {"total": 823, "EarlyVoting": 277, "ElectionDay": 240, "Mail": 306}, "GRE": {"total": 3, "Mail": 3}}, "Gadsden": {"TOTAL": {"total": 23932, "Mail": 7682, "EarlyVoting": 10466, "ElectionDay": 5784, "Provisional": 0}, "IND": {"total": 119, "Mail": 26, "EarlyVoting": 51, "ElectionDay": 42}, "DEM": {"total": 17465, "EarlyVoting": 7355, "Mail": 6276, "ElectionDay": 3834, "Provisional": 8}, "GRE": {"total": 7, "EarlyVoting": 1, "Mail": 4, "ElectionDay": 2}, "LPF": {"total": 34, "Mail": 5, "EarlyVoting": 14, "ElectionDay": 15}, "CPF": {"total": 2, "ElectionDay": 2}, "REP": {"total": 4496, "EarlyVoting": 2295, "ElectionDay": 1306, "Mail": 895, "Provisional": 3}, "NPA": {"total": 1807, "EarlyVoting": 750, "ElectionDay": 583, "Mail": 474}, "ECO": {"total": 1, "Mail": 1}, "REF": {"total": 1, "Mail": 1}}, "Gilchrist": {"TOTAL": {"total": 9746, "Mail": 2570, "EarlyVoting": 3552, "ElectionDay": 3624}, "IND": {"total": 66, "Mail": 13, "EarlyVoting": 29, "ElectionDay": 24}, "CPF": {"total": 4, "Mail": 1, "ElectionDay": 1, "EarlyVoting": 2}, "DEM": {"total": 2046, "EarlyVoting": 566, "Mail": 855, "ElectionDay": 625}, "LPF": {"total": 27, "Mail": 5, "EarlyVoting": 5, "ElectionDay": 17}, "REP": {"total": 6451, "EarlyVoting": 2560, "ElectionDay": 2480, "Mail": 1411}, "INT": {"total": 1, "ElectionDay": 1}, "NPA": {"total": 1148, "EarlyVoting": 390, "ElectionDay": 473, "Mail": 285}, "GRE": {"total": 3, "ElectionDay": 3}}, "Glades": {"TOTAL": {"total": 5221, "Mail": 1737, "EarlyVoting": 1243, "ElectionDay": 2241, "Provisional": 0}, "CPF": {"total": 1, "Mail": 1}, "DEM": {"total": 1642, "EarlyVoting": 346, "ElectionDay": 612, "Mail": 684}, "IND": {"total": 61, "EarlyVoting": 11, "ElectionDay": 23, "Mail": 27, "Provisional": 2}, "LPF": {"total": 11, "EarlyVoting": 3, "ElectionDay": 5, "Mail": 3}, "NPA": {"total": 703, "EarlyVoting": 159, "ElectionDay": 321, "Mail": 223}, "OTH": {"total": 0, "Provisional": 1}, "REF": {"total": 1, "ElectionDay": 1}, "REP": {"total": 2802, "EarlyVoting": 724, "ElectionDay": 1279, "Mail": 799, "Provisional": 3}}, "Gulf": {"TOTAL": {"total": 8207, "ElectionDay": 885, "EarlyVoting": 5199, "Mail": 2123, "Provisional": 0}, "DEM": {"total": 2385, "ElectionDay": 250, "EarlyVoting": 1277, "Mail": 858, "Provisional": 1}, "IND": {"total": 149, "ElectionDay": 20, "EarlyVoting": 91, "Mail": 38}, "LPF": {"total": 21, "ElectionDay": 5, "EarlyVoting": 12, "Mail": 4}, "NPA": {"total": 729, "ElectionDay": 124, "EarlyVoting": 438, "Mail": 167}, "NRS": {"total": 1, "ElectionDay": 1}, "REP": {"total": 4918, "ElectionDay": 485, "EarlyVoting": 3378, "Mail": 1055, "Provisional": 4}, "CPF": {"total": 2, "EarlyVoting": 2}, "GRE": {"total": 2, "EarlyVoting": 1, "Mail": 1}}, "Hamilton": {"TOTAL": {"total": 5863, "ElectionDay": 1813, "EarlyVoting": 2280, "Mail": 1770, "Provisional": 0}, "CPF": {"total": 1, "ElectionDay": 1}, "DEM": {"total": 2673, "EarlyVoting": 890, "ElectionDay": 861, "Mail": 922, "Provisional": 2}, "GRE": {"total": 2, "EarlyVoting": 2}, "IND": {"total": 38, "EarlyVoting": 16, "ElectionDay": 9, "Mail": 13}, "LPF": {"total": 9, "ElectionDay": 1, "Mail": 8}, "NPA": {"total": 562, "EarlyVoting": 212, "ElectionDay": 205, "Mail": 145}, "REF": {"total": 1, "ElectionDay": 1}, "REP": {"total": 2577, "EarlyVoting": 1160, "ElectionDay": 735, "Mail": 682}}, "Hardee": {"TOTAL": {"total": 5646, "Mail": 1659, "EarlyVoting": 3987, "Provisional": 0}, "IND": {"total": 22, "Mail": 8, "EarlyVoting": 14}, "DEM": {"total": 1551, "EarlyVoting": 854, "Mail": 697}, "LPF": {"total": 17, "Mail": 2, "EarlyVoting": 15}, "REP": {"total": 3395, "EarlyVoting": 2668, "Mail": 727}, "NPA": {"total": 660, "EarlyVoting": 435, "Mail": 225, "Provisional": 1}, "CPF": {"total": 1, "EarlyVoting": 1}}, "Hendry": {"TOTAL": {"total": 12996, "ElectionDay": 2845, "EarlyVoting": 6850, "Mail": 3301, "Provisional": 0}, "CPF": {"total": 2, "ElectionDay": 1, "EarlyVoting": 1}, "DEM": {"total": 5087, "ElectionDay": 1095, "EarlyVoting": 2474, "Mail": 1518, "Provisional": 7}, "ECO": {"total": 2, "ElectionDay": 2}, "IND": {"total": 116, "ElectionDay": 39, "EarlyVoting": 41, "Mail": 36, "Provisional": 1}, "LPF": {"total": 17, "ElectionDay": 3, "EarlyVoting": 13, "Mail": 1}, "NPA": {"total": 1642, "ElectionDay": 454, "EarlyVoting": 752, "Mail": 436, "Provisional": 3}, "REF": {"total": 1, "ElectionDay": 1}, "REP": {"total": 6127, "ElectionDay": 1250, "EarlyVoting": 3569, "Mail": 1308, "Provisional": 4}, "IDF": {"total": 1, "Mail": 1}, "PSL": {"total": 1, "Mail": 1}}, "Hernando": {"TOTAL": {"total": 109760, "ElectionDay": 24933, "EarlyVoting": 37427, "Mail": 47400, "Provisional": 0}, "CPF": {"total": 23, "ElectionDay": 7, "EarlyVoting": 9, "Mail": 7}, "DEM": {"total": 32443, "ElectionDay": 5151, "EarlyVoting": 8564, "Mail": 18728, "Provisional": 22}, "GRE": {"total": 38, "ElectionDay": 10, "EarlyVoting": 8, "Mail": 20, "Provisional": 1}, "IND": {"total": 1540, "ElectionDay": 400, "EarlyVoting": 531, "Mail": 609, "Provisional": 1}, "LPF": {"total": 268, "ElectionDay": 92, "EarlyVoting": 101, "Mail": 75}, "NPA": {"total": 23000, "ElectionDay": 6147, "EarlyVoting": 7538, "Mail": 9315, "Provisional": 14}, "REF": {"total": 17, "ElectionDay": 5, "EarlyVoting": 3, "Mail": 9}, "REP": {"total": 52426, "ElectionDay": 13121, "EarlyVoting": 20672, "Mail": 18633, "Provisional": 24}, "AIP": {"total": 3, "EarlyVoting": 1, "Mail": 2}, "PSL": {"total": 2, "Mail": 2}, "OTH": {"total": 0, "Provisional": 18}}, "Highlands": {"TOTAL": {"total": 52377, "ElectionDay": 12083, "EarlyVoting": 20691, "Mail": 19603, "Provisional": 0}, "CPF": {"total": 7, "ElectionDay": 1, "EarlyVoting": 4, "Mail": 2}, "DEM": {"total": 14612, "ElectionDay": 2588, "EarlyVoting": 4440, "Mail": 7584, "Provisional": 18}, "GRE": {"total": 4, "ElectionDay": 1, "EarlyVoting": 1, "Mail": 2}, "IND": {"total": 449, "ElectionDay": 103, "EarlyVoting": 168, "Mail": 178}, "LPF": {"total": 60, "ElectionDay": 17, "EarlyVoting": 23, "Mail": 20}, "NPA": {"total": 9812, "ElectionDay": 2659, "EarlyVoting": 3569, "Mail": 3584, "Provisional": 6}, "PSL": {"total": 3, "ElectionDay": 1, "Mail": 2}, "REF": {"total": 8, "ElectionDay": 1, "EarlyVoting": 1, "Mail": 6}, "REP": {"total": 27421, "ElectionDay": 6712, "EarlyVoting": 12485, "Mail": 8224, "Provisional": 30}, "UNK": {"total": 1, "Mail": 1}, "OTH": {"total": 0, "Provisional": 32}}, "Hillsborough": {"TOTAL": {"total": 609445, "EarlyVoting": 272107, "Mail": 337338, "Provisional": 0}, "CPF": {"total": 111, "EarlyVoting": 70, "Mail": 41}, "DEM": {"total": 254144, "EarlyVoting": 98183, "Mail": 155961, "Provisional": 314}, "ECO": {"total": 31, "EarlyVoting": 16, "Mail": 15}, "GRE": {"total": 317, "EarlyVoting": 100, "Mail": 217, "Provisional": 2}, "IND": {"total": 6898, "EarlyVoting": 3131, "Mail": 3767, "Provisional": 12}, "LPF": {"total": 1718, "EarlyVoting": 853, "Mail": 865, "Provisional": 3}, "NPA": {"total": 141091, "EarlyVoting": 60545, "Mail": 80546, "Provisional": 225}, "PSL": {"total": 67, "EarlyVoting": 22, "Mail": 45}, "REF": {"total": 52, "EarlyVoting": 22, "Mail": 30}, "REP": {"total": 205006, "EarlyVoting": 109161, "Mail": 95845, "Provisional": 316}, "UNK": {"total": 10, "EarlyVoting": 4, "Mail": 6, "Provisional": 6}, "": {"total": 0, "Provisional": 3}, "INT": {"total": 0, "Provisional": 3}, "NPC": {"total": 0, "Provisional": 1}}, "Holmes": {"TOTAL": {"total": 9114, "Mail": 2310, "EarlyVoting": 3406, "ElectionDay": 3398, "Provisional": 0}, "IND": {"total": 38, "Mail": 6, "EarlyVoting": 17, "ElectionDay": 15}, "DEM": {"total": 1944, "EarlyVoting": 537, "Mail": 740, "ElectionDay": 667, "Provisional": 1}, "GRE": {"total": 4, "EarlyVoting": 3, "ElectionDay": 1}, "LPF": {"total": 9, "Mail": 2, "EarlyVoting": 3, "ElectionDay": 4}, "REP": {"total": 6379, "EarlyVoting": 2632, "ElectionDay": 2365, "Mail": 1382, "Provisional": 8}, "NPA": {"total": 739, "EarlyVoting": 213, "ElectionDay": 346, "Mail": 180}, "OTH": {"total": 0, "Provisional": 3}, "CPF": {"total": 1, "EarlyVoting": 1}}, "Indian River": {"TOTAL": {"total": 98072, "ElectionDay": 15902, "EarlyVoting": 36469, "Mail": 45701, "Provisional": 0}, "CPF": {"total": 11, "ElectionDay": 5, "EarlyVoting": 3, "Mail": 3}, "DEM": {"total": 26922, "ElectionDay": 2985, "EarlyVoting": 7479, "Mail": 16458, "Provisional": 24}, "ECO": {"total": 6, "ElectionDay": 1, "EarlyVoting": 2, "Mail": 3}, "GRE": {"total": 46, "ElectionDay": 6, "EarlyVoting": 11, "Mail": 29}, "IND": {"total": 1503, "ElectionDay": 274, "EarlyVoting": 549, "Mail": 680, "Provisional": 1}, "LPF": {"total": 186, "ElectionDay": 48, "EarlyVoting": 72, "Mail": 66}, "NPA": {"total": 19850, "ElectionDay": 3848, "EarlyVoting": 6834, "Mail": 9168, "Provisional": 20}, "REF": {"total": 7, "ElectionDay": 2, "EarlyVoting": 3, "Mail": 2}, "REP": {"total": 49540, "ElectionDay": 8733, "EarlyVoting": 21516, "Mail": 19291, "Provisional": 45}, "AIP": {"total": 1, "Mail": 1}, "OTH": {"total": 0, "Provisional": 5}}, "Jackson": {"TOTAL": {"total": 22575, "Mail": 6263, "EarlyVoting": 11151, "ElectionDay": 5161}, "PSL": {"total": 3, "Mail": 2, "EarlyVoting": 1}, "IND": {"total": 70, "EarlyVoting": 35, "ElectionDay": 18, "Mail": 17}, "REP": {"total": 11634, "Mail": 2471, "ElectionDay": 2770, "EarlyVoting": 6393}, "NPA": {"total": 1696, "Mail": 407, "EarlyVoting": 768, "ElectionDay": 521}, "DEM": {"total": 9130, "EarlyVoting": 3937, "ElectionDay": 1839, "Mail": 3354}, "LPF": {"total": 27, "ElectionDay": 8, "Mail": 9, "EarlyVoting": 10}, "REF": {"total": 2, "EarlyVoting": 2}, "CPF": {"total": 7, "Mail": 3, "EarlyVoting": 3, "ElectionDay": 1}, "OTH": {"total": 6, "ElectionDay": 4, "EarlyVoting": 2}}, "Jefferson": {"TOTAL": {"total": 5846, "Mail": 2493, "EarlyVoting": 3353, "Provisional": 0}, "IND": {"total": 17, "Mail": 9, "EarlyVoting": 8}, "DEM": {"total": 2972, "EarlyVoting": 1360, "Mail": 1612}, "LPF": {"total": 4, "Mail": 1, "EarlyVoting": 3}, "REP": {"total": 2313, "EarlyVoting": 1654, "Mail": 659, "Provisional": 2}, "NPA": {"total": 540, "EarlyVoting": 328, "Mail": 212}}, "Lafayette": {"TOTAL": {"total": 3684, "EarlyVoting": 1653, "ElectionDay": 1293, "Mail": 738, "Provisional": 0}, "DEM": {"total": 805, "EarlyVoting": 265, "ElectionDay": 312, "Mail": 228, "Provisional": 2}, "GRE": {"total": 1, "ElectionDay": 1}, "IND": {"total": 22, "EarlyVoting": 4, "ElectionDay": 13, "Mail": 5}, "LPF": {"total": 5, "EarlyVoting": 1, "ElectionDay": 2, "Mail": 2}, "NPA": {"total": 170, "EarlyVoting": 66, "ElectionDay": 67, "Mail": 37}, "REP": {"total": 2681, "EarlyVoting": 1317, "ElectionDay": 898, "Mail": 466, "Provisional": 4}}, "Lake": {"TOTAL": {"total": 212026, "ElectionDay": 51531, "EarlyVoting": 91190, "Mail": 69305, "Provisional": 0}, "CPF": {"total": 41, "ElectionDay": 14, "EarlyVoting": 17, "Mail": 10}, "DEM": {"total": 62786, "ElectionDay": 10501, "EarlyVoting": 23476, "Mail": 28809, "Provisional": 39}, "ECO": {"total": 9, "ElectionDay": 2, "EarlyVoting": 2, "Mail": 5}, "GRE": {"total": 80, "ElectionDay": 15, "EarlyVoting": 32, "Mail": 33}, "IND": {"total": 1854, "ElectionDay": 476, "EarlyVoting": 796, "Mail": 582, "Provisional": 4}, "LPF": {"total": 532, "ElectionDay": 159, "EarlyVoting": 227, "Mail": 146, "Provisional": 2}, "NPA": {"total": 46721, "ElectionDay": 12563, "EarlyVoting": 18570, "Mail": 15588, "Provisional": 36}, "REF": {"total": 15, "ElectionDay": 1, "EarlyVoting": 12, "Mail": 2}, "REP": {"total": 99984, "ElectionDay": 27800, "EarlyVoting": 48057, "Mail": 24127, "Provisional": 109}, "PSL": {"total": 4, "EarlyVoting": 1, "Mail": 3}}, "Lee": {"TOTAL": {"total": 396467, "ElectionDay": 59159, "EarlyVoting": 113152, "Mail": 224156, "Provisional": 0}, "CPF": {"total": 46, "ElectionDay": 10, "EarlyVoting": 18, "Mail": 18}, "DEM": {"total": 108797, "ElectionDay": 10818, "EarlyVoting": 24240, "Mail": 73739, "Provisional": 520}, "ECO": {"total": 17, "ElectionDay": 5, "EarlyVoting": 2, "Mail": 10}, "GRE": {"total": 154, "ElectionDay": 31, "EarlyVoting": 32, "Mail": 91}, "IND": {"total": 4243, "ElectionDay": 763, "EarlyVoting": 1281, "Mail": 2199, "Provisional": 22}, "LPF": {"total": 815, "ElectionDay": 226, "EarlyVoting": 266, "Mail": 323, "Provisional": 1}, "NPA": {"total": 96610, "ElectionDay": 17773, "EarlyVoting": 25800, "Mail": 53037, "Provisional": 177}, "PSL": {"total": 20, "ElectionDay": 3, "EarlyVoting": 5, "Mail": 12}, "REF": {"total": 26, "ElectionDay": 6, "EarlyVoting": 10, "Mail": 10, "Provisional": 1}, "REP": {"total": 185734, "ElectionDay": 29523, "EarlyVoting": 61497, "Mail": 94714, "Provisional": 288}, "UNK": {"total": 5, "ElectionDay": 1, "EarlyVoting": 1, "Mail": 3, "Provisional": 1}}, "Leon": {"TOTAL": {"total": 163982, "ElectionDay": 31810, "EarlyVoting": 64945, "Mail": 67227, "Provisional": 0}, "CPF": {"total": 23, "ElectionDay": 6, "EarlyVoting": 9, "Mail": 8}, "DEM": {"total": 89289, "ElectionDay": 13546, "EarlyVoting": 34141, "Mail": 41602, "Provisional": 206}, "ECO": {"total": 8, "ElectionDay": 3, "EarlyVoting": 1, "Mail": 4}, "GRE": {"total": 72, "ElectionDay": 17, "EarlyVoting": 24, "Mail": 31}, "IND": {"total": 1573, "ElectionDay": 373, "EarlyVoting": 630, "Mail": 570, "Provisional": 7}, "LPF": {"total": 462, "ElectionDay": 137, "EarlyVoting": 171, "Mail": 154}, "NPA": {"total": 24982, "ElectionDay": 5853, "EarlyVoting": 9274, "Mail": 9855, "Provisional": 42}, "PSL": {"total": 20, "ElectionDay": 3, "EarlyVoting": 8, "Mail": 9}, "REF": {"total": 18, "ElectionDay": 8, "EarlyVoting": 5, "Mail": 5}, "REP": {"total": 47535, "ElectionDay": 11864, "EarlyVoting": 20682, "Mail": 14989, "Provisional": 35}}, "Levy": {"TOTAL": {"total": 23263, "ElectionDay": 7610, "EarlyVoting": 7809, "Mail": 7844, "Provisional": 0}, "CPF": {"total": 5, "ElectionDay": 1, "EarlyVoting": 2, "Mail": 2}, "DEM": {"total": 6522, "ElectionDay": 1698, "EarlyVoting": 1843, "Mail": 2981, "Provisional": 10}, "ECO": {"total": 1, "ElectionDay": 1}, "GRE": {"total": 3, "ElectionDay": 1, "Mail": 2}, "IND": {"total": 264, "ElectionDay": 73, "EarlyVoting": 85, "Mail": 106}, "LPF": {"total": 182, "ElectionDay": 70, "EarlyVoting": 58, "Mail": 54}, "NPA": {"total": 3186, "ElectionDay": 1170, "EarlyVoting": 994, "Mail": 1022, "Provisional": 8}, "PSL": {"total": 1, "ElectionDay": 1}, "REF": {"total": 4, "ElectionDay": 1, "EarlyVoting": 1, "Mail": 2}, "REP": {"total": 13095, "ElectionDay": 4594, "EarlyVoting": 4826, "Mail": 3675, "Provisional": 23}, "OTH": {"total": 0, "Provisional": 59}}, "Liberty": {"TOTAL": {"total": 3574, "EarlyVoting": 1777, "ElectionDay": 1099, "Mail": 698, "Provisional": 0}, "DEM": {"total": 1913, "EarlyVoting": 864, "ElectionDay": 628, "Mail": 421, "Provisional": 2}, "LPF": {"total": 4, "EarlyVoting": 1, "ElectionDay": 2, "Mail": 1}, "NPA": {"total": 241, "EarlyVoting": 111, "ElectionDay": 85, "Mail": 45}, "PSL": {"total": 1, "EarlyVoting": 1}, "REF": {"total": 1, "EarlyVoting": 1}, "REP": {"total": 1414, "EarlyVoting": 799, "ElectionDay": 384, "Mail": 231}}, "Madison": {"TOTAL": {"total": 9426, "Mail": 2051, "EarlyVoting": 5744, "ElectionDay": 1631, "Provisional": 0}, "IND": {"total": 35, "Mail": 9, "EarlyVoting": 20, "ElectionDay": 6}, "DEM": {"total": 4764, "EarlyVoting": 2669, "Mail": 1276, "ElectionDay": 819, "Provisional": 8}, "REF": {"total": 1, "EarlyVoting": 1}, "LPF": {"total": 18, "Mail": 3, "EarlyVoting": 9, "ElectionDay": 6}, "REP": {"total": 3777, "EarlyVoting": 2578, "ElectionDay": 604, "Mail": 595, "Provisional": 4}, "NPA": {"total": 826, "EarlyVoting": 462, "ElectionDay": 196, "Mail": 168}, "OTH": {"total": 0, "Provisional": 15}, "CPF": {"total": 5, "EarlyVoting": 5}}, "Manatee": {"TOTAL": {"total": 177299, "EarlyVoting": 72471, "Mail": 104828, "Provisional": 0}, "CPF": {"total": 24, "EarlyVoting": 19, "Mail": 5}, "DEM": {"total": 57877, "EarlyVoting": 17236, "Mail": 40641, "Provisional": 28}, "ECO": {"total": 7, "EarlyVoting": 2, "Mail": 5}, "GRE": {"total": 58, "EarlyVoting": 19, "Mail": 39}, "IND": {"total": 1990, "EarlyVoting": 860, "Mail": 1130, "Provisional": 3}, "LPF": {"total": 372, "EarlyVoting": 170, "Mail": 202, "Provisional": 2}, "NPA": {"total": 36856, "EarlyVoting": 14868, "Mail": 21988, "Provisional": 24}, "PSL": {"total": 8, "EarlyVoting": 4, "Mail": 4}, "REF": {"total": 17, "EarlyVoting": 12, "Mail": 5}, "REP": {"total": 80090, "EarlyVoting": 39281, "Mail": 40809, "Provisional": 45}}, "Marion": {"TOTAL": {"total": 205891, "EarlyVoting": 79786, "ElectionDay": 52175, "Mail": 73930}, "CPF": {"total": 44, "EarlyVoting": 17, "ElectionDay": 18, "Mail": 9}, "PSL": {"total": 12, "Mail": 6, "EarlyVoting": 3, "ElectionDay": 3}, "IND": {"total": 1866, "EarlyVoting": 676, "ElectionDay": 529, "Mail": 661}, "REP": {"total": 102801, "Mail": 28556, "EarlyVoting": 45369, "ElectionDay": 28876}, "ECO": {"total": 14, "Mail": 5, "EarlyVoting": 5, "ElectionDay": 4}, "LPF": {"total": 540, "ElectionDay": 206, "EarlyVoting": 190, "Mail": 144}, "NPA": {"total": 36794, "EarlyVoting": 13160, "Mail": 12822, "ElectionDay": 10812}, "REF": {"total": 16, "ElectionDay": 7, "EarlyVoting": 6, "Mail": 3}, "DEM": {"total": 63743, "ElectionDay": 11700, "Mail": 31696, "EarlyVoting": 20347}, "GRE": {"total": 61, "Mail": 28, "EarlyVoting": 13, "ElectionDay": 20}}, "Martin": {"TOTAL": {"total": 99222, "ElectionDay": 15089, "EarlyVoting": 40685, "Mail": 43448, "Provisional": 0}, "CPF": {"total": 12, "ElectionDay": 4, "EarlyVoting": 3, "Mail": 5}, "DEM": {"total": 25444, "ElectionDay": 2563, "EarlyVoting": 7919, "Mail": 14962, "Provisional": 1}, "GRE": {"total": 48, "ElectionDay": 7, "EarlyVoting": 17, "Mail": 24}, "IND": {"total": 1374, "ElectionDay": 223, "EarlyVoting": 523, "Mail": 628}, "LPF": {"total": 205, "ElectionDay": 66, "EarlyVoting": 81, "Mail": 58}, "NPA": {"total": 20158, "ElectionDay": 3762, "EarlyVoting": 7962, "Mail": 8434, "Provisional": 1}, "REP": {"total": 51962, "ElectionDay": 8464, "EarlyVoting": 24176, "Mail": 19322, "Provisional": 1}, "PSL": {"total": 6, "EarlyVoting": 1, "Mail": 5}, "REF": {"total": 8, "EarlyVoting": 2, "Mail": 6}, "UNK": {"total": 1, "EarlyVoting": 1}, "AIP": {"total": 2, "Mail": 2}, "ECO": {"total": 2, "Mail": 2}, "OTH": {"total": 0, "Provisional": 1}}, "Monroe": {"TOTAL": {"total": 37649, "EarlyVoting": 15325, "Mail": 22324, "Provisional": 0}, "DEM": {"total": 14076, "EarlyVoting": 4413, "Mail": 9663, "Provisional": 5}, "ECO": {"total": 1, "EarlyVoting": 1}, "GRE": {"total": 18, "EarlyVoting": 4, "Mail": 14}, "IND": {"total": 478, "EarlyVoting": 221, "Mail": 257, "Provisional": 1}, "LPF": {"total": 99, "EarlyVoting": 47, "Mail": 52, "Provisional": 1}, "NPA": {"total": 7219, "EarlyVoting": 3134, "Mail": 4085, "Provisional": 3}, "PSL": {"total": 2, "EarlyVoting": 2}, "REP": {"total": 15756, "EarlyVoting": 7503, "Mail": 8253, "Provisional": 11}}, "Nassau": {"TOTAL": {"total": 59124, "Mail": 18185, "EarlyVoting": 32663, "ElectionDay": 8276}, "IND": {"total": 751, "Mail": 251, "EarlyVoting": 389, "ElectionDay": 111}, "CPF": {"total": 16, "Mail": 1, "ElectionDay": 2, "EarlyVoting": 13}, "DEM": {"total": 12050, "EarlyVoting": 5109, "Mail": 5806, "ElectionDay": 1135}, "REF": {"total": 5, "EarlyVoting": 3, "ElectionDay": 2}, "GRE": {"total": 13, "EarlyVoting": 5, "Mail": 7, "ElectionDay": 1}, "LPF": {"total": 219, "Mail": 55, "EarlyVoting": 110, "ElectionDay": 54}, "REP": {"total": 36531, "EarlyVoting": 22349, "ElectionDay": 5284, "Mail": 8898}, "NPA": {"total": 9514, "EarlyVoting": 4684, "ElectionDay": 1666, "Mail": 3164}, "UNK": {"total": 2, "Mail": 2}, "ECO": {"total": 1, "Mail": 1}, "OTH": {"total": 21, "ElectionDay": 21}, "PSL": {"total": 1, "EarlyVoting": 1}}, "Okaloosa": {"TOTAL": {"total": 116782, "ElectionDay": 24212, "EarlyVoting": 55040, "Mail": 37530, "Provisional": 0}, "CPF": {"total": 35, "ElectionDay": 3, "EarlyVoting": 21, "Mail": 11}, "DEM": {"total": 22791, "ElectionDay": 3321, "EarlyVoting": 8217, "Mail": 11253, "Provisional": 17}, "ECO": {"total": 5, "ElectionDay": 2, "EarlyVoting": 3, "Provisional": 1}, "GRE": {"total": 41, "ElectionDay": 13, "EarlyVoting": 9, "Mail": 19, "Provisional": 2}, "IND": {"total": 1361, "ElectionDay": 314, "EarlyVoting": 542, "Mail": 505, "Provisional": 4}, "LPF": {"total": 515, "ElectionDay": 147, "EarlyVoting": 212, "Mail": 156, "Provisional": 3}, "NPA": {"total": 21511, "ElectionDay": 5280, "EarlyVoting": 8783, "Mail": 7448, "Provisional": 47}, "PSL": {"total": 8, "ElectionDay": 4, "EarlyVoting": 2, "Mail": 2}, "REF": {"total": 3, "ElectionDay": 1, "EarlyVoting": 2}, "REP": {"total": 70512, "ElectionDay": 15127, "EarlyVoting": 37249, "Mail": 18136, "Provisional": 277}}, "Okeechobee": {"TOTAL": {"total": 16020, "ElectionDay": 4361, "EarlyVoting": 6968, "Mail": 4691, "Provisional": 0}, "DEM": {"total": 4613, "ElectionDay": 1053, "EarlyVoting": 1618, "Mail": 1942, "Provisional": 5}, "IND": {"total": 162, "ElectionDay": 48, "EarlyVoting": 56, "Mail": 58}, "LPF": {"total": 22, "ElectionDay": 6, "EarlyVoting": 10, "Mail": 6}, "NPA": {"total": 2321, "ElectionDay": 804, "EarlyVoting": 911, "Mail": 606, "Provisional": 2}, "PSL": {"total": 1, "ElectionDay": 1}, "REP": {"total": 8893, "ElectionDay": 2449, "EarlyVoting": 4371, "Mail": 2073, "Provisional": 10}, "GRE": {"total": 3, "EarlyVoting": 1, "Mail": 2}, "REF": {"total": 1, "EarlyVoting": 1}, "CPF": {"total": 1, "Mail": 1}, "ECO": {"total": 3, "Mail": 3}}, "Orange": {"TOTAL": {"total": 650774, "ElectionDay": 108141, "EarlyVoting": 262864, "Mail": 279769, "Provisional": 0}, "CPF": {"total": 107, "ElectionDay": 24, "EarlyVoting": 40, "Mail": 43}, "DEM": {"total": 291056, "ElectionDay": 35786, "EarlyVoting": 114464, "Mail": 140806, "Provisional": 35}, "ECO": {"total": 37, "ElectionDay": 10, "EarlyVoting": 11, "Mail": 16}, "GRE": {"total": 327, "ElectionDay": 67, "EarlyVoting": 100, "Mail": 160}, "IND": {"total": 7578, "ElectionDay": 1544, "EarlyVoting": 3090, "Mail": 2944, "Provisional": 1}, "LPF": {"total": 1944, "ElectionDay": 557, "EarlyVoting": 752, "Mail": 635}, "NPA": {"total": 166134, "ElectionDay": 32571, "EarlyVoting": 62110, "Mail": 71453, "Provisional": 26}, "PSL": {"total": 64, "ElectionDay": 8, "EarlyVoting": 25, "Mail": 31}, "REF": {"total": 62, "ElectionDay": 13, "EarlyVoting": 27, "Mail": 22}, "REP": {"total": 183463, "ElectionDay": 37561, "EarlyVoting": 82245, "Mail": 63657, "Provisional": 15}, "": {"total": 1, "Mail": 1}, "UNK": {"total": 1, "Mail": 1}, "OTH": {"total": 0, "Provisional": 2}}, "Osceola": {"TOTAL": {"total": 173468, "ElectionDay": 25635, "EarlyVoting": 71338, "Mail": 76495, "Provisional": 0}, "CPF": {"total": 27, "ElectionDay": 5, "EarlyVoting": 7, "Mail": 15, "Provisional": 1}, "DEM": {"total": 75838, "ElectionDay": 8758, "EarlyVoting": 29063, "Mail": 38017, "Provisional": 96}, "GRE": {"total": 58, "ElectionDay": 10, "EarlyVoting": 18, "Mail": 30}, "IND": {"total": 1562, "ElectionDay": 229, "EarlyVoting": 662, "Mail": 671, "Provisional": 2}, "LPF": {"total": 387, "ElectionDay": 80, "EarlyVoting": 161, "Mail": 146, "Provisional": 1}, "NPA": {"total": 49567, "ElectionDay": 8976, "EarlyVoting": 19396, "Mail": 21195, "Provisional": 48}, "PSL": {"total": 12, "ElectionDay": 3, "EarlyVoting": 4, "Mail": 5}, "REF": {"total": 15, "ElectionDay": 1, "EarlyVoting": 9, "Mail": 5}, "REP": {"total": 45978, "ElectionDay": 7571, "EarlyVoting": 22008, "Mail": 16399, "Provisional": 38}, "UNK": {"total": 13, "ElectionDay": 2, "EarlyVoting": 5, "Mail": 6}, "ECO": {"total": 11, "EarlyVoting": 5, "Mail": 6}}, "Palm Beach": {"TOTAL": {"total": 776684, "Mail": 387737, "ElectionDay": 146860, "EarlyVoting": 242087}, "REP": {"total": 238360, "Mail": 87679, "ElectionDay": 58849, "EarlyVoting": 91832}, "ECO": {"total": 49, "Mail": 23, "EarlyVoting": 14, "ElectionDay": 12}, "NPA": {"total": 191393, "EarlyVoting": 58102, "Mail": 91465, "ElectionDay": 41826}, "REF": {"total": 67, "ElectionDay": 14, "Mail": 23, "EarlyVoting": 30}, "LPF": {"total": 1447, "Mail": 544, "EarlyVoting": 465, "ElectionDay": 438}, "GRE": {"total": 301, "EarlyVoting": 80, "Mail": 142, "ElectionDay": 79}, "DEM": {"total": 332699, "ElectionDay": 42998, "EarlyVoting": 87529, "Mail": 202172}, "IND": {"total": 12214, "ElectionDay": 2606, "Mail": 5617, "EarlyVoting": 3991}, "CPF": {"total": 114, "EarlyVoting": 37, "ElectionDay": 26, "Mail": 51}, "PSL": {"total": 37, "Mail": 18, "ElectionDay": 12, "EarlyVoting": 7}, "UNK": {"total": 3, "Mail": 3}}, "Pasco": {"TOTAL": {"total": 302777, "ElectionDay": 65066, "EarlyVoting": 114178, "Mail": 123533, "Provisional": 0}, "CPF": {"total": 57, "ElectionDay": 20, "EarlyVoting": 24, "Mail": 13}, "DEM": {"total": 91841, "ElectionDay": 13835, "EarlyVoting": 27553, "Mail": 50453, "Provisional": 65}, "ECO": {"total": 11, "ElectionDay": 5, "EarlyVoting": 3, "Mail": 3}, "GRE": {"total": 114, "ElectionDay": 31, "EarlyVoting": 31, "Mail": 52}, "IND": {"total": 3983, "ElectionDay": 936, "EarlyVoting": 1511, "Mail": 1536, "Provisional": 4}, "LPF": {"total": 880, "ElectionDay": 257, "EarlyVoting": 318, "Mail": 305}, "NPA": {"total": 73097, "ElectionDay": 17969, "EarlyVoting": 25652, "Mail": 29476, "Provisional": 86}, "PSL": {"total": 20, "ElectionDay": 10, "EarlyVoting": 2, "Mail": 8}, "REF": {"total": 39, "ElectionDay": 9, "EarlyVoting": 13, "Mail": 17}, "REP": {"total": 132733, "ElectionDay": 31994, "EarlyVoting": 59071, "Mail": 41668, "Provisional": 125}, "UNK": {"total": 2, "Mail": 2}, "OTH": {"total": 0, "Provisional": 18}}, "Pinellas": {"TOTAL": {"total": 563664, "EarlyVoting": 112200, "ElectionDay": 103252, "Mail": 348212}, "PSL": {"total": 45, "EarlyVoting": 9, "ElectionDay": 15, "Mail": 21}, "DEM": {"total": 207381, "ElectionDay": 25537, "EarlyVoting": 34897, "Mail": 146947}, "NPA": {"total": 133846, "ElectionDay": 28570, "Mail": 79285, "EarlyVoting": 25991}, "REF": {"total": 71, "EarlyVoting": 14, "ElectionDay": 18, "Mail": 39}, "ECO": {"total": 29, "ElectionDay": 9, "Mail": 18, "EarlyVoting": 2}, "GRE": {"total": 391, "EarlyVoting": 65, "ElectionDay": 98, "Mail": 228}, "IND": {"total": 6234, "EarlyVoting": 1461, "ElectionDay": 1437, "Mail": 3336}, "REP": {"total": 213569, "Mail": 117334, "EarlyVoting": 49288, "ElectionDay": 46947}, "UNK": {"total": 11, "ElectionDay": 1, "Mail": 8, "EarlyVoting": 2}, "CPF": {"total": 108, "EarlyVoting": 33, "ElectionDay": 36, "Mail": 39}, "LPF": {"total": 1979, "EarlyVoting": 438, "ElectionDay": 584, "Mail": 957}}, "Polk": {"TOTAL": {"total": 265927, "ElectionDay": 11612, "EarlyVoting": 120081, "Mail": 134234, "Provisional": 0}, "CPF": {"total": 48, "ElectionDay": 4, "EarlyVoting": 27, "Mail": 17, "Provisional": 1}, "DEM": {"total": 100394, "ElectionDay": 3932, "EarlyVoting": 38655, "Mail": 57807, "Provisional": 208}, "ECO": {"total": 10, "ElectionDay": 1, "EarlyVoting": 5, "Mail": 4}, "GRE": {"total": 92, "ElectionDay": 11, "EarlyVoting": 29, "Mail": 52}, "IND": {"total": 2770, "ElectionDay": 138, "EarlyVoting": 1316, "Mail": 1316, "Provisional": 23}, "LPF": {"total": 631, "ElectionDay": 46, "EarlyVoting": 291, "Mail": 294, "Provisional": 1}, "NPA": {"total": 57622, "ElectionDay": 3487, "EarlyVoting": 25434, "Mail": 28701, "Provisional": 691}, "REF": {"total": 15, "ElectionDay": 1, "EarlyVoting": 12, "Mail": 2}, "REP": {"total": 104318, "ElectionDay": 3992, "EarlyVoting": 54301, "Mail": 46025, "Provisional": 250}, "PSL": {"total": 27, "EarlyVoting": 11, "Mail": 16}, "IDP": {"total": 0, "Provisional": 1}, "INT": {"total": 0, "Provisional": 1}}, "Putnam": {"TOTAL": {"total": 36458, "ElectionDay": 10705, "EarlyVoting": 16756, "Mail": 8997, "Provisional": 0}, "CPF": {"total": 8, "ElectionDay": 3, "EarlyVoting": 2, "Mail": 3}, "DEM": {"total": 11970, "ElectionDay": 2857, "EarlyVoting": 4905, "Mail": 4208, "Provisional": 81}, "GRE": {"total": 21, "ElectionDay": 6, "EarlyVoting": 7, "Mail": 8}, "IND": {"total": 217, "ElectionDay": 71, "EarlyVoting": 87, "Mail": 59}, "LPF": {"total": 91, "ElectionDay": 29, "EarlyVoting": 41, "Mail": 21, "Provisional": 1}, "NPA": {"total": 5084, "ElectionDay": 1811, "EarlyVoting": 2082, "Mail": 1191, "Provisional": 9}, "REF": {"total": 2, "ElectionDay": 2}, "REP": {"total": 19063, "ElectionDay": 5926, "EarlyVoting": 9632, "Mail": 3505, "Provisional": 18}, "ECO": {"total": 2, "Mail": 2}}, "Santa Rosa": {"TOTAL": {"total": 107028, "ElectionDay": 23768, "EarlyVoting": 52839, "Mail": 30421, "Provisional": 0}, "CPF": {"total": 45, "ElectionDay": 16, "EarlyVoting": 17, "Mail": 12}, "DEM": {"total": 19782, "ElectionDay": 2989, "EarlyVoting": 7404, "Mail": 9389, "Provisional": 9}, "ECO": {"total": 2, "ElectionDay": 2}, "GRE": {"total": 39, "ElectionDay": 10, "EarlyVoting": 13, "Mail": 16}, "IND": {"total": 1562, "ElectionDay": 354, "EarlyVoting": 727, "Mail": 481, "Provisional": 5}, "LPF": {"total": 499, "ElectionDay": 157, "EarlyVoting": 222, "Mail": 120}, "NPA": {"total": 17485, "ElectionDay": 4441, "EarlyVoting": 7641, "Mail": 5403, "Provisional": 37}, "REF": {"total": 14, "ElectionDay": 6, "EarlyVoting": 5, "Mail": 3}, "REP": {"total": 67594, "ElectionDay": 15793, "EarlyVoting": 36806, "Mail": 14995, "Provisional": 57}, "PSL": {"total": 6, "EarlyVoting": 4, "Mail": 2}, "OTH": {"total": 0, "Provisional": 117}}, "Seminole": {"TOTAL": {"total": 219429, "EarlyVoting": 115903, "Mail": 103526, "Provisional": 0}, "CPF": {"total": 33, "EarlyVoting": 19, "Mail": 14}, "DEM": {"total": 81698, "EarlyVoting": 37841, "Mail": 43857, "Provisional": 33}, "ECO": {"total": 7, "EarlyVoting": 4, "Mail": 3}, "GRE": {"total": 109, "EarlyVoting": 55, "Mail": 54}, "IND": {"total": 2585, "EarlyVoting": 1420, "Mail": 1165}, "LPF": {"total": 714, "EarlyVoting": 405, "Mail": 309}, "NPA": {"total": 52181, "EarlyVoting": 26884, "Mail": 25297, "Provisional": 24}, "PSL": {"total": 24, "EarlyVoting": 18, "Mail": 6}, "REF": {"total": 18, "EarlyVoting": 11, "Mail": 7}, "REP": {"total": 82060, "EarlyVoting": 49246, "Mail": 32814, "Provisional": 24}}, "St. Johns": {"TOTAL": {"total": 177529, "ElectionDay": 26700, "EarlyVoting": 93221, "Mail": 57608, "Provisional": 0}, "CPF": {"total": 23, "ElectionDay": 6, "EarlyVoting": 9, "Mail": 8}, "DEM": {"total": 44304, "ElectionDay": 4187, "EarlyVoting": 17456, "Mail": 22661, "Provisional": 30}, "ECO": {"total": 5, "ElectionDay": 1, "EarlyVoting": 1, "Mail": 3}, "GRE": {"total": 59, "ElectionDay": 21, "EarlyVoting": 16, "Mail": 22}, "IND": {"total": 1982, "ElectionDay": 344, "EarlyVoting": 883, "Mail": 755, "Provisional": 2}, "LPF": {"total": 607, "ElectionDay": 162, "EarlyVoting": 300, "Mail": 145}, "NPA": {"total": 32127, "ElectionDay": 5729, "EarlyVoting": 15537, "Mail": 10861, "Provisional": 38}, "PSL": {"total": 12, "ElectionDay": 4, "EarlyVoting": 2, "Mail": 6}, "REF": {"total": 15, "ElectionDay": 3, "EarlyVoting": 9, "Mail": 3}, "REP": {"total": 98395, "ElectionDay": 16243, "EarlyVoting": 59008, "Mail": 23144, "Provisional": 72}, "OTH": {"total": 0, "Provisional": 41}}, "St. Lucie": {"TOTAL": {"total": 172466, "ElectionDay": 28907, "EarlyVoting": 67101, "Mail": 76458, "Provisional": 0}, "CPF": {"total": 23, "ElectionDay": 5, "EarlyVoting": 14, "Mail": 4}, "DEM": {"total": 68970, "ElectionDay": 7989, "EarlyVoting": 23292, "Mail": 37689, "Provisional": 48}, "ECO": {"total": 8, "ElectionDay": 2, "EarlyVoting": 3, "Mail": 3}, "GRE": {"total": 65, "ElectionDay": 16, "EarlyVoting": 17, "Mail": 32}, "IND": {"total": 2125, "ElectionDay": 439, "EarlyVoting": 821, "Mail": 865, "Provisional": 8}, "LPF": {"total": 278, "ElectionDay": 74, "EarlyVoting": 114, "Mail": 90}, "NPA": {"total": 38082, "ElectionDay": 7848, "EarlyVoting": 14165, "Mail": 16069, "Provisional": 205}, "NRS": {"total": 1, "ElectionDay": 1}, "PSL": {"total": 9, "ElectionDay": 1, "EarlyVoting": 3, "Mail": 5}, "REF": {"total": 14, "ElectionDay": 2, "EarlyVoting": 8, "Mail": 4}, "REP": {"total": 62889, "ElectionDay": 12530, "EarlyVoting": 28664, "Mail": 21695, "Provisional": 65}, "": {"total": 1, "Mail": 1}, "UNK": {"total": 1, "Mail": 1}}, "Sumter": {"TOTAL": {"total": 92893, "ElectionDay": 9032, "Mail": 40895, "EarlyVoting": 42966, "Provisional": 0}, "CPF": {"total": 10, "ElectionDay": 5, "Mail": 5}, "DEM": {"total": 21494, "ElectionDay": 1613, "EarlyVoting": 5911, "Mail": 13970, "Provisional": 2}, "GRE": {"total": 9, "ElectionDay": 2, "EarlyVoting": 1, "Mail": 6}, "IND": {"total": 516, "ElectionDay": 64, "EarlyVoting": 220, "Mail": 232}, "LPF": {"total": 108, "ElectionDay": 27, "EarlyVoting": 45, "Mail": 36}, "NPA": {"total": 15996, "ElectionDay": 1786, "EarlyVoting": 6672, "Mail": 7538, "Provisional": 6}, "REF": {"total": 7, "ElectionDay": 2, "EarlyVoting": 2, "Mail": 3}, "REP": {"total": 54750, "ElectionDay": 5533, "EarlyVoting": 30114, "Mail": 19103, "Provisional": 4}, "PSL": {"total": 2, "EarlyVoting": 1, "Mail": 1}, "ECO": {"total": 1, "Mail": 1}}, "Suwannee": {"TOTAL": {"total": 20914, "Mail": 6168, "EarlyVoting": 8624, "ElectionDay": 6122, "Provisional": 0}, "IND": {"total": 167, "Mail": 52, "EarlyVoting": 63, "ElectionDay": 52}, "CPF": {"total": 19, "Mail": 5, "ElectionDay": 10, "EarlyVoting": 4}, "DEM": {"total": 5984, "EarlyVoting": 2046, "Mail": 2394, "ElectionDay": 1544, "Provisional": 5}, "LPF": {"total": 44, "Mail": 8, "EarlyVoting": 18, "ElectionDay": 18}, "REP": {"total": 12254, "EarlyVoting": 5565, "ElectionDay": 3636, "Mail": 3053, "Provisional": 18}, "NPA": {"total": 2440, "EarlyVoting": 928, "ElectionDay": 860, "Mail": 652, "Provisional": 5}, "ECO": {"total": 1, "Mail": 1}, "GRE": {"total": 5, "Mail": 3, "ElectionDay": 2}, "OTH": {"total": 0, "Provisional": 16}}, "Taylor": {"TOTAL": {"total": 9979, "Mail": 3096, "EarlyVoting": 4292, "ElectionDay": 2591}, "IND": {"total": 44, "Mail": 14, "EarlyVoting": 15, "ElectionDay": 15}, "IDP": {"total": 1, "Mail": 1}, "DEM": {"total": 3659, "EarlyVoting": 1342, "Mail": 1401, "ElectionDay": 916}, "LPF": {"total": 19, "Mail": 5, "EarlyVoting": 7, "ElectionDay": 7}, "REP": {"total": 5600, "EarlyVoting": 2700, "ElectionDay": 1399, "Mail": 1501}, "NPA": {"total": 655, "EarlyVoting": 227, "ElectionDay": 254, "Mail": 174}, "CPF": {"total": 1, "EarlyVoting": 1}}, "Union": {"TOTAL": {"total": 4338, "Mail": 1221, "EarlyVoting": 3117, "Provisional": 0}, "CPF": {"total": 1, "Mail": 1}, "DEM": {"total": 1319, "EarlyVoting": 794, "Mail": 525, "Provisional": 1}, "IND": {"total": 28, "EarlyVoting": 17, "Mail": 11}, "LPF": {"total": 7, "EarlyVoting": 5, "Mail": 2}, "NPA": {"total": 286, "EarlyVoting": 204, "Mail": 82}, "REP": {"total": 2697, "EarlyVoting": 2097, "Mail": 600, "Provisional": 1}}, "Volusia": {"TOTAL": {"total": 308916, "ElectionDay": 53259, "EarlyVoting": 112532, "Mail": 143125, "Provisional": 0}, "CPF": {"total": 78, "ElectionDay": 20, "EarlyVoting": 35, "Mail": 23}, "DEM": {"total": 102658, "ElectionDay": 12204, "EarlyVoting": 31452, "Mail": 59002, "Provisional": 117}, "ECO": {"total": 21, "ElectionDay": 6, "EarlyVoting": 8, "Mail": 7}, "GRE": {"total": 151, "ElectionDay": 36, "EarlyVoting": 42, "Mail": 73, "Provisional": 2}, "IND": {"total": 3957, "ElectionDay": 820, "EarlyVoting": 1358, "Mail": 1779, "Provisional": 13}, "LPF": {"total": 904, "ElectionDay": 279, "EarlyVoting": 323, "Mail": 302}, "NPA": {"total": 73735, "ElectionDay": 15299, "EarlyVoting": 25398, "Mail": 33038, "Provisional": 224}, "PSL": {"total": 22, "ElectionDay": 8, "EarlyVoting": 5, "Mail": 9}, "REF": {"total": 28, "ElectionDay": 4, "EarlyVoting": 14, "Mail": 10, "Provisional": 1}, "REP": {"total": 127354, "ElectionDay": 24583, "EarlyVoting": 53892, "Mail": 48879, "Provisional": 218}, "UNK": {"total": 8, "EarlyVoting": 5, "Mail": 3}}, "Wakulla": {"TOTAL": {"total": 18498, "ElectionDay": 4631, "EarlyVoting": 8770, "Mail": 5097, "Provisional": 0}, "DEM": {"total": 6306, "ElectionDay": 1392, "EarlyVoting": 2430, "Mail": 2484}, "GRE": {"total": 4, "ElectionDay": 1, "Mail": 3}, "IND": {"total": 167, "ElectionDay": 50, "EarlyVoting": 78, "Mail": 39}, "LPF": {"total": 51, "ElectionDay": 13, "EarlyVoting": 24, "Mail": 14}, "NPA": {"total": 2557, "ElectionDay": 768, "EarlyVoting": 1141, "Mail": 648, "Provisional": 2}, "REF": {"total": 1, "ElectionDay": 1}, "REP": {"total": 9406, "ElectionDay": 2406, "EarlyVoting": 5093, "Mail": 1907, "Provisional": 3}, "PSL": {"total": 1, "EarlyVoting": 1}, "CPF": {"total": 5, "EarlyVoting": 3, "Mail": 2}, "OTH": {"total": 0, "Provisional": 1}}, "Walton": {"TOTAL": {"total": 43864, "ElectionDay": 11314, "EarlyVoting": 20821, "Mail": 11729, "Provisional": 0}, "CPF": {"total": 7, "ElectionDay": 2, "EarlyVoting": 2, "Mail": 3}, "DEM": {"total": 7615, "ElectionDay": 1550, "EarlyVoting": 2633, "Mail": 3432}, "GRE": {"total": 12, "ElectionDay": 4, "EarlyVoting": 2, "Mail": 6}, "IND": {"total": 572, "ElectionDay": 133, "EarlyVoting": 264, "Mail": 175, "Provisional": 3}, "LPF": {"total": 124, "ElectionDay": 37, "EarlyVoting": 53, "Mail": 34}, "NPA": {"total": 6775, "ElectionDay": 1913, "EarlyVoting": 2979, "Mail": 1883, "Provisional": 11}, "REF": {"total": 5, "ElectionDay": 1, "EarlyVoting": 3, "Mail": 1}, "REP": {"total": 28753, "ElectionDay": 7674, "EarlyVoting": 14884, "Mail": 6195, "Provisional": 24}, "PSL": {"total": 1, "EarlyVoting": 1}, "OTH": {"total": 0, "Provisional": 13}}, "Washington": {"TOTAL": {"total": 12370, "EarlyVoting": 5870, "Mail": 3033, "ElectionDay": 3467, "Provisional": 0}, "CPF": {"total": 2, "EarlyVoting": 1, "Mail": 1}, "DEM": {"total": 3280, "EarlyVoting": 1311, "ElectionDay": 801, "Mail": 1168, "Provisional": 5}, "GRE": {"total": 3, "Mail": 3}, "IND": {"total": 42, "EarlyVoting": 9, "ElectionDay": 16, "Mail": 17}, "LPF": {"total": 29, "EarlyVoting": 15, "ElectionDay": 8, "Mail": 6}, "NPA": {"total": 1302, "EarlyVoting": 507, "ElectionDay": 515, "Mail": 280, "Provisional": 2}, "PSL": {"total": 2, "EarlyVoting": 1, "Mail": 1}, "REF": {"total": 3, "EarlyVoting": 2, "ElectionDay": 1}, "REP": {"total": 7707, "EarlyVoting": 4024, "ElectionDay": 2126, "Mail": 1557, "Provisional": 3}}}