{"TOTAL": {"TOTAL": {"total": 2628671, "EarlyVoting": 289663, "Mail": 2339008, "Provisional": 169}, "CPF": {"total": 307, "EarlyVoting": 47, "Mail": 260}, "DEM": {"total": 1253858, "EarlyVoting": 119635, "Mail": 1134223, "Provisional": 55}, "LPF": {"total": 4536, "EarlyVoting": 551, "Mail": 3985, "Provisional": 1}, "NPA": {"total": 494764, "EarlyVoting": 40740, "Mail": 454024, "Provisional": 33}, "REP": {"total": 848527, "EarlyVoting": 125989, "Mail": 722538, "Provisional": 65}, "PSL": {"total": 164, "EarlyVoting": 18, "Mail": 146}, "IND": {"total": 25206, "EarlyVoting": 2577, "Mail": 22629, "Provisional": 2}, "GRE": {"total": 1028, "EarlyVoting": 79, "Mail": 949}, "REF": {"total": 156, "Mail": 137, "EarlyVoting": 19}, "ECO": {"total": 100, "Mail": 95, "EarlyVoting": 5}, "UNK": {"total": 13, "Mail": 13, "Provisional": 3}, "NRS": {"total": 2, "Mail": 2}, "???": {"total": 1, "Mail": 1}, "OTH": {"total": 3, "EarlyVoting": 3, "Provisional": 10}, "IDF": {"total": 1, "Mail": 1}, "AIP": {"total": 3, "Mail": 3}, "": {"total": 1, "Mail": 1}, "IDP": {"total": 1, "Mail": 1}}, "Alachua": {"TOTAL": {"total": 38844, "EarlyVoting": 3930, "Mail": 34914, "Provisional": 0}, "CPF": {"total": 1, "EarlyVoting": 1}, "DEM": {"total": 25074, "EarlyVoting": 2382, "Mail": 22692, "Provisional": 2}, "LPF": {"total": 90, "EarlyVoting": 13, "Mail": 77}, "NPA": {"total": 6083, "EarlyVoting": 490, "Mail": 5593}, "REP": {"total": 7287, "EarlyVoting": 1020, "Mail": 6267}, "PSL": {"total": 5, "EarlyVoting": 1, "Mail": 4}, "IND": {"total": 261, "EarlyVoting": 22, "Mail": 239}, "GRE": {"total": 35, "EarlyVoting": 1, "Mail": 34}, "REF": {"total": 6, "Mail": 6}, "ECO": {"total": 2, "Mail": 2}}, "Baker": {"TOTAL": {"total": 1576, "Mail": 1576}, "DEM": {"total": 552, "Mail": 552}, "IND": {"total": 7, "Mail": 7}, "LPF": {"total": 2, "Mail": 2}, "NPA": {"total": 112, "Mail": 112}, "REP": {"total": 903, "Mail": 903}}, "Bay": {"TOTAL": {"total": 16473, "Mail": 16473}, "CPF": {"total": 2, "Mail": 2}, "DEM": {"total": 6436, "Mail": 6436}, "GRE": {"total": 11, "Mail": 11}, "IND": {"total": 162, "Mail": 162}, "LPF": {"total": 53, "Mail": 53}, "NPA": {"total": 2272, "Mail": 2272}, "PSL": {"total": 2, "Mail": 2}, "REP": {"total": 7535, "Mail": 7535}}, "Bradford": {"TOTAL": {"total": 3255, "Mail": 2636, "EarlyVoting": 619}, "IND": {"total": 7, "Mail": 5, "EarlyVoting": 2}, "CPF": {"total": 1, "Mail": 1}, "DEM": {"total": 1277, "EarlyVoting": 155, "Mail": 1122}, "LPF": {"total": 11, "Mail": 8, "EarlyVoting": 3}, "REP": {"total": 1687, "EarlyVoting": 417, "Mail": 1270}, "NPA": {"total": 271, "EarlyVoting": 42, "Mail": 229}, "ECO": {"total": 1, "Mail": 1}}, "Brevard": {"TOTAL": {"total": 95632, "EarlyVoting": 13032, "Mail": 82600, "Provisional": 0}, "CPF": {"total": 16, "EarlyVoting": 3, "Mail": 13}, "DEM": {"total": 41164, "EarlyVoting": 4479, "Mail": 36685, "Provisional": 4}, "GRE": {"total": 46, "EarlyVoting": 5, "Mail": 41}, "IND": {"total": 1165, "EarlyVoting": 150, "Mail": 1015}, "LPF": {"total": 215, "EarlyVoting": 29, "Mail": 186}, "NPA": {"total": 17375, "EarlyVoting": 1915, "Mail": 15460, "Provisional": 2}, "PSL": {"total": 9, "EarlyVoting": 2, "Mail": 7}, "REP": {"total": 35628, "EarlyVoting": 6449, "Mail": 29179, "Provisional": 1}, "ECO": {"total": 8, "Mail": 8}, "REF": {"total": 5, "Mail": 5}, "UNK": {"total": 1, "Mail": 1}}, "Broward": {"TOTAL": {"total": 256995, "EarlyVoting": 24495, "Mail": 232500, "Provisional": 0}, "CPF": {"total": 17, "EarlyVoting": 1, "Mail": 16}, "DEM": {"total": 157484, "EarlyVoting": 14675, "Mail": 142809}, "GRE": {"total": 69, "EarlyVoting": 5, "Mail": 64}, "IND": {"total": 1984, "EarlyVoting": 221, "Mail": 1763}, "LPF": {"total": 234, "EarlyVoting": 20, "Mail": 214}, "NPA": {"total": 52737, "EarlyVoting": 3854, "Mail": 48883}, "PSL": {"total": 11, "EarlyVoting": 2, "Mail": 9}, "REP": {"total": 44434, "EarlyVoting": 5717, "Mail": 38717, "Provisional": 2}, "ECO": {"total": 9, "Mail": 9}, "NRS": {"total": 2, "Mail": 2}, "REF": {"total": 14, "Mail": 14}, "UNK": {"total": 0, "Provisional": 3}}, "Calhoun": {"TOTAL": {"total": 1365, "EarlyVoting": 358, "Mail": 1007}, "DEM": {"total": 698, "EarlyVoting": 135, "Mail": 563}, "IND": {"total": 6, "Mail": 6}, "LPF": {"total": 1, "EarlyVoting": 1}, "NPA": {"total": 83, "EarlyVoting": 19, "Mail": 64}, "REF": {"total": 1, "Mail": 1}, "REP": {"total": 576, "EarlyVoting": 203, "Mail": 373}}, "Charlotte": {"TOTAL": {"total": 38175, "EarlyVoting": 2803, "Mail": 35372, "Provisional": 0}, "DEM": {"total": 14709, "EarlyVoting": 673, "Mail": 14036, "Provisional": 1}, "IND": {"total": 578, "EarlyVoting": 35, "Mail": 543}, "LPF": {"total": 48, "EarlyVoting": 5, "Mail": 43}, "NPA": {"total": 7594, "EarlyVoting": 447, "Mail": 7147}, "REP": {"total": 15218, "EarlyVoting": 1643, "Mail": 13575, "Provisional": 1}, "CPF": {"total": 5, "Mail": 5}, "ECO": {"total": 2, "Mail": 2}, "GRE": {"total": 18, "Mail": 18}, "PSL": {"total": 2, "Mail": 2}, "REF": {"total": 1, "Mail": 1}}, "Citrus": {"TOTAL": {"total": 30123, "EarlyVoting": 3919, "Mail": 26204, "Provisional": 0}, "DEM": {"total": 10845, "EarlyVoting": 885, "Mail": 9960, "Provisional": 1}, "GRE": {"total": 15, "EarlyVoting": 2, "Mail": 13}, "IND": {"total": 337, "EarlyVoting": 44, "Mail": 293}, "LPF": {"total": 42, "EarlyVoting": 4, "Mail": 38}, "NPA": {"total": 5257, "EarlyVoting": 546, "Mail": 4711}, "REP": {"total": 13619, "EarlyVoting": 2438, "Mail": 11181, "Provisional": 1}, "???": {"total": 1, "Mail": 1}, "CPF": {"total": 6, "Mail": 6}, "PSL": {"total": 1, "Mail": 1}}, "Clay": {"TOTAL": {"total": 25733, "Mail": 18240, "EarlyVoting": 7493, "Provisional": 0}, "IND": {"total": 238, "Mail": 182, "EarlyVoting": 56}, "CPF": {"total": 2, "Mail": 2}, "DEM": {"total": 8111, "EarlyVoting": 1841, "Mail": 6270, "Provisional": 2}, "PSL": {"total": 2, "Mail": 2}, "REF": {"total": 1, "EarlyVoting": 1}, "GRE": {"total": 4, "EarlyVoting": 1, "Mail": 3}, "LPF": {"total": 60, "Mail": 47, "EarlyVoting": 13}, "REP": {"total": 13275, "EarlyVoting": 4750, "Mail": 8525}, "NPA": {"total": 4040, "EarlyVoting": 831, "Mail": 3209}}, "Collier": {"TOTAL": {"total": 73781, "Mail": 66486, "EarlyVoting": 7295, "Provisional": 0}, "IND": {"total": 565, "Mail": 523, "EarlyVoting": 42}, "CPF": {"total": 11, "Mail": 10, "EarlyVoting": 1}, "DEM": {"total": 23515, "EarlyVoting": 1813, "Mail": 21702, "Provisional": 2}, "PSL": {"total": 1, "Mail": 1}, "REF": {"total": 7, "EarlyVoting": 1, "Mail": 6}, "LPF": {"total": 98, "Mail": 87, "EarlyVoting": 11}, "REP": {"total": 35416, "EarlyVoting": 4315, "Mail": 31101, "Provisional": 5}, "NPA": {"total": 14151, "EarlyVoting": 1112, "Mail": 13039}, "ECO": {"total": 4, "Mail": 4}, "GRE": {"total": 13, "Mail": 13}}, "Columbia": {"TOTAL": {"total": 5692, "Mail": 5692}, "CPF": {"total": 3, "Mail": 3}, "DEM": {"total": 2620, "Mail": 2620}, "GRE": {"total": 2, "Mail": 2}, "IND": {"total": 37, "Mail": 37}, "LPF": {"total": 6, "Mail": 6}, "NPA": {"total": 677, "Mail": 677}, "REP": {"total": 2347, "Mail": 2347}}, "DeSoto": {"TOTAL": {"total": 2739, "EarlyVoting": 677, "Mail": 2062}, "CPF": {"total": 1, "EarlyVoting": 1}, "DEM": {"total": 1221, "EarlyVoting": 243, "Mail": 978}, "IND": {"total": 12, "Mail": 12}, "LPF": {"total": 4, "EarlyVoting": 1, "Mail": 3}, "NPA": {"total": 407, "EarlyVoting": 77, "Mail": 330}, "REF": {"total": 1, "Mail": 1}, "REP": {"total": 1093, "EarlyVoting": 355, "Mail": 738}}, "Dixie": {"TOTAL": {"total": 1490, "Mail": 1490}, "DEM": {"total": 516, "Mail": 516}, "GRE": {"total": 1, "Mail": 1}, "IND": {"total": 8, "Mail": 8}, "LPF": {"total": 3, "Mail": 3}, "NPA": {"total": 157, "Mail": 157}, "REF": {"total": 1, "Mail": 1}, "REP": {"total": 804, "Mail": 804}}, "Duval": {"TOTAL": {"total": 105075, "Provisional": 0, "Mail": 78821, "EarlyVoting": 26254}, "LPF": {"total": 266, "Provisional": 1, "Mail": 215, "EarlyVoting": 51}, "IND": {"total": 999, "Mail": 815, "EarlyVoting": 184}, "CPF": {"total": 10, "Mail": 9, "EarlyVoting": 1}, "DEM": {"total": 56604, "EarlyVoting": 14597, "Mail": 42007, "Provisional": 3}, "PSL": {"total": 11, "Mail": 8, "EarlyVoting": 3}, "REF": {"total": 7, "EarlyVoting": 2, "Mail": 5}, "GRE": {"total": 46, "EarlyVoting": 7, "Mail": 39}, "REP": {"total": 32572, "EarlyVoting": 8817, "Mail": 23755, "Provisional": 16}, "NPA": {"total": 14558, "EarlyVoting": 2592, "Mail": 11966, "Provisional": 4}, "ECO": {"total": 2, "Mail": 2}}, "Escambia": {"TOTAL": {"total": 40806, "EarlyVoting": 5255, "Mail": 35551, "Provisional": 0}, "CPF": {"total": 10, "EarlyVoting": 2, "Mail": 8}, "DEM": {"total": 18386, "EarlyVoting": 2183, "Mail": 16203}, "GRE": {"total": 21, "EarlyVoting": 3, "Mail": 18}, "IND": {"total": 418, "EarlyVoting": 54, "Mail": 364}, "LPF": {"total": 106, "EarlyVoting": 11, "Mail": 95}, "NPA": {"total": 5836, "EarlyVoting": 539, "Mail": 5297, "Provisional": 2}, "REP": {"total": 16016, "EarlyVoting": 2463, "Mail": 13553, "Provisional": 3}, "ECO": {"total": 1, "Mail": 1}, "PSL": {"total": 8, "Mail": 8}, "REF": {"total": 4, "Mail": 4}}, "Flagler": {"TOTAL": {"total": 21688, "Mail": 19755, "EarlyVoting": 1933}, "PSL": {"total": 2, "Mail": 2}, "GRE": {"total": 9, "Mail": 9}, "NPA": {"total": 3891, "Mail": 3605, "EarlyVoting": 286}, "IND": {"total": 169, "EarlyVoting": 12, "Mail": 157}, "REP": {"total": 7845, "Mail": 6834, "EarlyVoting": 1011}, "ECO": {"total": 1, "Mail": 1}, "LPF": {"total": 21, "EarlyVoting": 2, "Mail": 19}, "OTH": {"total": 1, "EarlyVoting": 1}, "DEM": {"total": 9749, "EarlyVoting": 621, "Mail": 9128}}, "Franklin": {"TOTAL": {"total": 2145, "Mail": 1692, "EarlyVoting": 453, "Provisional": 0}, "CPF": {"total": 1, "Mail": 1}, "DEM": {"total": 1046, "EarlyVoting": 190, "Mail": 856, "Provisional": 1}, "GRE": {"total": 2, "Mail": 2}, "IND": {"total": 35, "EarlyVoting": 2, "Mail": 33}, "LPF": {"total": 3, "Mail": 3}, "NPA": {"total": 236, "EarlyVoting": 54, "Mail": 182}, "REP": {"total": 822, "EarlyVoting": 207, "Mail": 615}}, "Gadsden": {"TOTAL": {"total": 6185, "EarlyVoting": 1456, "Mail": 4729}, "DEM": {"total": 5116, "EarlyVoting": 1133, "Mail": 3983}, "IND": {"total": 22, "EarlyVoting": 8, "Mail": 14}, "LPF": {"total": 5, "EarlyVoting": 2, "Mail": 3}, "NPA": {"total": 298, "EarlyVoting": 65, "Mail": 233}, "REP": {"total": 741, "EarlyVoting": 248, "Mail": 493}, "GRE": {"total": 3, "Mail": 3}}, "Gilchrist": {"TOTAL": {"total": 1598, "Mail": 1598}, "CPF": {"total": 1, "Mail": 1}, "DEM": {"total": 565, "Mail": 565}, "IND": {"total": 8, "Mail": 8}, "LPF": {"total": 2, "Mail": 2}, "NPA": {"total": 156, "Mail": 156}, "REP": {"total": 866, "Mail": 866}}, "Glades": {"TOTAL": {"total": 1230, "Mail": 1230}, "CPF": {"total": 1, "Mail": 1}, "DEM": {"total": 520, "Mail": 520}, "IND": {"total": 19, "Mail": 19}, "LPF": {"total": 1, "Mail": 1}, "NPA": {"total": 142, "Mail": 142}, "REP": {"total": 547, "Mail": 547}}, "Gulf": {"TOTAL": {"total": 1434, "Mail": 1434}, "DEM": {"total": 597, "Mail": 597}, "GRE": {"total": 1, "Mail": 1}, "IND": {"total": 19, "Mail": 19}, "LPF": {"total": 2, "Mail": 2}, "NPA": {"total": 119, "Mail": 119}, "REP": {"total": 696, "Mail": 696}}, "Hamilton": {"TOTAL": {"total": 1128, "Mail": 1128}, "DEM": {"total": 608, "Mail": 608}, "IND": {"total": 7, "Mail": 7}, "LPF": {"total": 5, "Mail": 5}, "NPA": {"total": 83, "Mail": 83}, "REP": {"total": 425, "Mail": 425}}, "Hardee": {"TOTAL": {"total": 900, "Mail": 900}, "DEM": {"total": 421, "Mail": 421}, "IND": {"total": 4, "Mail": 4}, "LPF": {"total": 1, "Mail": 1}, "NPA": {"total": 107, "Mail": 107}, "REP": {"total": 367, "Mail": 367}}, "Hendry": {"TOTAL": {"total": 2932, "Mail": 2123, "EarlyVoting": 809}, "IND": {"total": 25, "Mail": 22, "EarlyVoting": 3}, "DEM": {"total": 1319, "EarlyVoting": 296, "Mail": 1023}, "PSL": {"total": 1, "Mail": 1}, "LPF": {"total": 3, "Mail": 1, "EarlyVoting": 2}, "REP": {"total": 1281, "EarlyVoting": 455, "Mail": 826}, "NPA": {"total": 302, "EarlyVoting": 53, "Mail": 249}, "IDF": {"total": 1, "Mail": 1}}, "Hernando": {"TOTAL": {"total": 33232, "EarlyVoting": 3565, "Mail": 29667, "Provisional": 0}, "DEM": {"total": 13969, "EarlyVoting": 1107, "Mail": 12862}, "GRE": {"total": 13, "EarlyVoting": 1, "Mail": 12}, "IND": {"total": 362, "EarlyVoting": 34, "Mail": 328}, "LPF": {"total": 51, "EarlyVoting": 11, "Mail": 40}, "NPA": {"total": 5658, "EarlyVoting": 509, "Mail": 5149}, "REP": {"total": 13166, "EarlyVoting": 1903, "Mail": 11263}, "AIP": {"total": 1, "Mail": 1}, "CPF": {"total": 4, "Mail": 4}, "PSL": {"total": 2, "Mail": 2}, "REF": {"total": 6, "Mail": 6}, "OTH": {"total": 0, "Provisional": 1}}, "Highlands": {"TOTAL": {"total": 13491, "Mail": 13491}, "IND": {"total": 108, "Mail": 108}, "CPF": {"total": 1, "Mail": 1}, "PSL": {"total": 1, "Mail": 1}, "LPF": {"total": 13, "Mail": 13}, "DEM": {"total": 5673, "Mail": 5673}, "GRE": {"total": 2, "Mail": 2}, "REF": {"total": 3, "Mail": 3}, "REP": {"total": 5405, "Mail": 5405}, "NPA": {"total": 2285, "Mail": 2285}}, "Hillsborough": {"TOTAL": {"total": 207762, "EarlyVoting": 22047, "Mail": 185715, "Provisional": 0}, "CPF": {"total": 30, "EarlyVoting": 9, "Mail": 21}, "DEM": {"total": 103417, "EarlyVoting": 10477, "Mail": 92940, "Provisional": 7}, "ECO": {"total": 10, "EarlyVoting": 2, "Mail": 8}, "GRE": {"total": 108, "EarlyVoting": 8, "Mail": 100}, "IND": {"total": 2017, "EarlyVoting": 177, "Mail": 1840}, "LPF": {"total": 456, "EarlyVoting": 56, "Mail": 400}, "NPA": {"total": 42656, "EarlyVoting": 3264, "Mail": 39392, "Provisional": 7}, "REP": {"total": 59037, "EarlyVoting": 8054, "Mail": 50983, "Provisional": 4}, "PSL": {"total": 19, "Mail": 19}, "REF": {"total": 11, "Mail": 11}, "UNK": {"total": 1, "Mail": 1}}, "Holmes": {"TOTAL": {"total": 1991, "EarlyVoting": 403, "Mail": 1588}, "DEM": {"total": 612, "EarlyVoting": 74, "Mail": 538}, "GRE": {"total": 1, "EarlyVoting": 1}, "IND": {"total": 6, "EarlyVoting": 3, "Mail": 3}, "NPA": {"total": 133, "EarlyVoting": 26, "Mail": 107}, "REP": {"total": 1239, "EarlyVoting": 299, "Mail": 940}}, "Indian River": {"TOTAL": {"total": 34598, "EarlyVoting": 3488, "Mail": 31110, "Provisional": 0}, "DEM": {"total": 13084, "EarlyVoting": 908, "Mail": 12176, "Provisional": 2}, "GRE": {"total": 18, "EarlyVoting": 1, "Mail": 17}, "IND": {"total": 481, "EarlyVoting": 47, "Mail": 434}, "LPF": {"total": 49, "EarlyVoting": 5, "Mail": 44}, "NPA": {"total": 6297, "EarlyVoting": 518, "Mail": 5779, "Provisional": 2}, "REP": {"total": 14666, "EarlyVoting": 2009, "Mail": 12657, "Provisional": 2}, "ECO": {"total": 1, "Mail": 1}, "REF": {"total": 2, "Mail": 2}, "OTH": {"total": 0, "Provisional": 1}}, "Jackson": {"TOTAL": {"total": 5181, "EarlyVoting": 1031, "Mail": 4150}, "CPF": {"total": 4, "EarlyVoting": 1, "Mail": 3}, "DEM": {"total": 2710, "EarlyVoting": 404, "Mail": 2306}, "IND": {"total": 12, "EarlyVoting": 2, "Mail": 10}, "LPF": {"total": 10, "EarlyVoting": 2, "Mail": 8}, "NPA": {"total": 301, "EarlyVoting": 66, "Mail": 235}, "PSL": {"total": 1, "Mail": 1}, "REP": {"total": 2143, "EarlyVoting": 556, "Mail": 1587}}, "Jefferson": {"TOTAL": {"total": 1917, "EarlyVoting": 404, "Mail": 1513}, "DEM": {"total": 1196, "EarlyVoting": 162, "Mail": 1034}, "IND": {"total": 7, "Mail": 7}, "LPF": {"total": 1, "Mail": 1}, "NPA": {"total": 142, "EarlyVoting": 26, "Mail": 116}, "REP": {"total": 571, "EarlyVoting": 216, "Mail": 355}}, "Lafayette": {"TOTAL": {"total": 655, "EarlyVoting": 173, "Mail": 482}, "DEM": {"total": 186, "EarlyVoting": 29, "Mail": 157}, "IND": {"total": 4, "Mail": 4}, "LPF": {"total": 1, "Mail": 1}, "NPA": {"total": 30, "EarlyVoting": 5, "Mail": 25}, "REP": {"total": 434, "EarlyVoting": 139, "Mail": 295}}, "Lake": {"TOTAL": {"total": 45988, "EarlyVoting": 7830, "Mail": 38158, "Provisional": 0}, "DEM": {"total": 19995, "EarlyVoting": 2687, "Mail": 17308, "Provisional": 1}, "GRE": {"total": 15, "EarlyVoting": 2, "Mail": 13}, "IND": {"total": 323, "EarlyVoting": 59, "Mail": 264}, "LPF": {"total": 80, "EarlyVoting": 17, "Mail": 63}, "NPA": {"total": 9009, "EarlyVoting": 1233, "Mail": 7776}, "REP": {"total": 16560, "EarlyVoting": 3832, "Mail": 12728, "Provisional": 3}, "CPF": {"total": 4, "Mail": 4}, "ECO": {"total": 2, "Mail": 2}}, "Lee": {"TOTAL": {"total": 150568, "EarlyVoting": 8083, "Mail": 142485, "Provisional": 0}, "DEM": {"total": 54229, "EarlyVoting": 2375, "Mail": 51854, "Provisional": 4}, "GRE": {"total": 49, "EarlyVoting": 5, "Mail": 44}, "IND": {"total": 1291, "EarlyVoting": 81, "Mail": 1210}, "LPF": {"total": 179, "EarlyVoting": 14, "Mail": 165}, "NPA": {"total": 32293, "EarlyVoting": 1301, "Mail": 30992, "Provisional": 1}, "REP": {"total": 62498, "EarlyVoting": 4307, "Mail": 58191, "Provisional": 5}, "CPF": {"total": 8, "Mail": 8}, "ECO": {"total": 8, "Mail": 8}, "PSL": {"total": 6, "Mail": 6}, "REF": {"total": 5, "Mail": 5}, "UNK": {"total": 2, "Mail": 2}}, "Leon": {"TOTAL": {"total": 39916, "EarlyVoting": 5173, "Mail": 34743, "Provisional": 0}, "CPF": {"total": 4, "EarlyVoting": 1, "Mail": 3}, "DEM": {"total": 26257, "EarlyVoting": 3344, "Mail": 22913, "Provisional": 6}, "GRE": {"total": 20, "EarlyVoting": 3, "Mail": 17}, "IND": {"total": 267, "EarlyVoting": 27, "Mail": 240}, "LPF": {"total": 77, "EarlyVoting": 6, "Mail": 71}, "NPA": {"total": 4676, "EarlyVoting": 475, "Mail": 4201}, "REP": {"total": 8608, "EarlyVoting": 1317, "Mail": 7291, "Provisional": 1}, "ECO": {"total": 1, "Mail": 1}, "PSL": {"total": 4, "Mail": 4}, "REF": {"total": 2, "Mail": 2}}, "Levy": {"TOTAL": {"total": 5850, "EarlyVoting": 741, "Mail": 5109, "Provisional": 0}, "DEM": {"total": 2345, "EarlyVoting": 221, "Mail": 2124}, "IND": {"total": 68, "EarlyVoting": 5, "Mail": 63}, "LPF": {"total": 38, "EarlyVoting": 6, "Mail": 32}, "NPA": {"total": 706, "EarlyVoting": 72, "Mail": 634}, "REP": {"total": 2689, "EarlyVoting": 437, "Mail": 2252, "Provisional": 2}, "CPF": {"total": 1, "Mail": 1}, "GRE": {"total": 2, "Mail": 2}, "REF": {"total": 1, "Mail": 1}, "OTH": {"total": 0, "Provisional": 1}}, "Liberty": {"TOTAL": {"total": 396, "Mail": 396}, "DEM": {"total": 247, "Mail": 247}, "LPF": {"total": 1, "Mail": 1}, "NPA": {"total": 22, "Mail": 22}, "REP": {"total": 126, "Mail": 126}}, "Madison": {"TOTAL": {"total": 2423, "EarlyVoting": 1095, "Mail": 1328, "Provisional": 0}, "CPF": {"total": 1, "EarlyVoting": 1}, "DEM": {"total": 1371, "EarlyVoting": 522, "Mail": 849, "Provisional": 1}, "IND": {"total": 16, "EarlyVoting": 9, "Mail": 7}, "LPF": {"total": 4, "EarlyVoting": 1, "Mail": 3}, "NPA": {"total": 153, "EarlyVoting": 54, "Mail": 99}, "OTH": {"total": 0, "Provisional": 1}, "REP": {"total": 878, "EarlyVoting": 508, "Mail": 370}}, "Manatee": {"TOTAL": {"total": 56262, "EarlyVoting": 4924, "Mail": 51338, "Provisional": 0}, "CPF": {"total": 4, "EarlyVoting": 1, "Mail": 3}, "DEM": {"total": 24445, "EarlyVoting": 1656, "Mail": 22789}, "GRE": {"total": 19, "EarlyVoting": 2, "Mail": 17}, "IND": {"total": 497, "EarlyVoting": 45, "Mail": 452}, "LPF": {"total": 91, "EarlyVoting": 10, "Mail": 81}, "NPA": {"total": 10197, "EarlyVoting": 743, "Mail": 9454, "Provisional": 1}, "PSL": {"total": 3, "EarlyVoting": 1, "Mail": 2}, "REF": {"total": 4, "EarlyVoting": 1, "Mail": 3}, "REP": {"total": 21002, "EarlyVoting": 2465, "Mail": 18537, "Provisional": 2}}, "Marion": {"TOTAL": {"total": 59513, "Mail": 50528, "EarlyVoting": 8985}, "PSL": {"total": 4, "Mail": 4}, "GRE": {"total": 19, "Mail": 17, "EarlyVoting": 2}, "NPA": {"total": 9315, "Mail": 8175, "EarlyVoting": 1140}, "IND": {"total": 482, "EarlyVoting": 70, "Mail": 412}, "REP": {"total": 23715, "Mail": 18746, "EarlyVoting": 4969}, "DEM": {"total": 25876, "Mail": 23086, "EarlyVoting": 2790}, "ECO": {"total": 3, "Mail": 3}, "LPF": {"total": 90, "EarlyVoting": 14, "Mail": 76}, "REF": {"total": 2, "Mail": 2}, "CPF": {"total": 7, "Mail": 7}}, "Martin": {"TOTAL": {"total": 34457, "Mail": 29496, "EarlyVoting": 4961}, "IND": {"total": 429, "Mail": 374, "EarlyVoting": 55}, "CPF": {"total": 3, "Mail": 2, "EarlyVoting": 1}, "AIP": {"total": 2, "Mail": 2}, "DEM": {"total": 12291, "EarlyVoting": 1286, "Mail": 11005}, "PSL": {"total": 3, "Mail": 3}, "GRE": {"total": 14, "EarlyVoting": 2, "Mail": 12}, "LPF": {"total": 36, "Mail": 27, "EarlyVoting": 9}, "REP": {"total": 15779, "EarlyVoting": 2810, "Mail": 12969}, "NPA": {"total": 5897, "EarlyVoting": 798, "Mail": 5099}, "REF": {"total": 3, "Mail": 3}}, "Monroe": {"TOTAL": {"total": 16568, "EarlyVoting": 1808, "Mail": 14760, "Provisional": 0}, "DEM": {"total": 7636, "EarlyVoting": 693, "Mail": 6943, "Provisional": 1}, "IND": {"total": 170, "EarlyVoting": 23, "Mail": 147}, "LPF": {"total": 36, "EarlyVoting": 5, "Mail": 31}, "NPA": {"total": 2658, "EarlyVoting": 280, "Mail": 2378}, "PSL": {"total": 1, "EarlyVoting": 1}, "REP": {"total": 6056, "EarlyVoting": 806, "Mail": 5250}, "GRE": {"total": 11, "Mail": 11}}, "Nassau": {"TOTAL": {"total": 15586, "Mail": 11705, "EarlyVoting": 3881}, "IND": {"total": 204, "Mail": 156, "EarlyVoting": 48}, "CPF": {"total": 1, "Mail": 1}, "DEM": {"total": 4894, "EarlyVoting": 763, "Mail": 4131}, "GRE": {"total": 6, "EarlyVoting": 1, "Mail": 5}, "LPF": {"total": 40, "Mail": 32, "EarlyVoting": 8}, "REP": {"total": 8109, "EarlyVoting": 2628, "Mail": 5481}, "OTH": {"total": 2, "EarlyVoting": 2}, "NPA": {"total": 2330, "EarlyVoting": 431, "Mail": 1899}}, "Okaloosa": {"TOTAL": {"total": 25971, "EarlyVoting": 4964, "Mail": 21007, "Provisional": 0}, "CPF": {"total": 9, "EarlyVoting": 3, "Mail": 6}, "DEM": {"total": 7815, "EarlyVoting": 989, "Mail": 6826}, "GRE": {"total": 6, "EarlyVoting": 1, "Mail": 5}, "IND": {"total": 300, "EarlyVoting": 44, "Mail": 256, "Provisional": 1}, "LPF": {"total": 84, "EarlyVoting": 16, "Mail": 68}, "NPA": {"total": 4399, "EarlyVoting": 576, "Mail": 3823}, "REP": {"total": 13358, "EarlyVoting": 3335, "Mail": 10023, "Provisional": 4}}, "Okeechobee": {"TOTAL": {"total": 3789, "EarlyVoting": 709, "Mail": 3080}, "DEM": {"total": 1549, "EarlyVoting": 160, "Mail": 1389}, "IND": {"total": 44, "EarlyVoting": 8, "Mail": 36}, "LPF": {"total": 4, "EarlyVoting": 2, "Mail": 2}, "NPA": {"total": 406, "EarlyVoting": 69, "Mail": 337}, "REP": {"total": 1786, "EarlyVoting": 470, "Mail": 1316}}, "Orange": {"TOTAL": {"total": 143417, "EarlyVoting": 13263, "Mail": 130154}, "CPF": {"total": 27, "EarlyVoting": 3, "Mail": 24}, "DEM": {"total": 79347, "EarlyVoting": 7536, "Mail": 71811}, "GRE": {"total": 70, "EarlyVoting": 3, "Mail": 67}, "IND": {"total": 1238, "EarlyVoting": 129, "Mail": 1109}, "LPF": {"total": 299, "EarlyVoting": 28, "Mail": 271}, "NPA": {"total": 31025, "EarlyVoting": 2175, "Mail": 28850}, "PSL": {"total": 11, "EarlyVoting": 1, "Mail": 10}, "REF": {"total": 9, "EarlyVoting": 4, "Mail": 5}, "REP": {"total": 31379, "EarlyVoting": 3384, "Mail": 27995}, "": {"total": 1, "Mail": 1}, "ECO": {"total": 10, "Mail": 10}, "UNK": {"total": 1, "Mail": 1}}, "Osceola": {"TOTAL": {"total": 48066, "EarlyVoting": 6072, "Mail": 41994, "Provisional": 0}, "DEM": {"total": 25430, "EarlyVoting": 3014, "Mail": 22416, "Provisional": 1}, "ECO": {"total": 4, "EarlyVoting": 1, "Mail": 3}, "GRE": {"total": 14, "EarlyVoting": 1, "Mail": 13}, "IND": {"total": 378, "EarlyVoting": 40, "Mail": 338}, "LPF": {"total": 82, "EarlyVoting": 11, "Mail": 71}, "NPA": {"total": 11528, "EarlyVoting": 1142, "Mail": 10386}, "REP": {"total": 10616, "EarlyVoting": 1863, "Mail": 8753, "Provisional": 1}, "CPF": {"total": 6, "Mail": 6}, "PSL": {"total": 3, "Mail": 3}, "REF": {"total": 3, "Mail": 3}, "UNK": {"total": 2, "Mail": 2}}, "Palm Beach": {"TOTAL": {"total": 248700, "Mail": 233685, "EarlyVoting": 15015}, "REP": {"total": 54115, "Mail": 48872, "EarlyVoting": 5243}, "PSL": {"total": 9, "EarlyVoting": 1, "Mail": 8}, "LPF": {"total": 292, "EarlyVoting": 20, "Mail": 272}, "GRE": {"total": 75, "EarlyVoting": 3, "Mail": 72}, "IND": {"total": 3157, "EarlyVoting": 190, "Mail": 2967}, "UNK": {"total": 1, "Mail": 1}, "DEM": {"total": 139542, "Mail": 132624, "EarlyVoting": 6918}, "REF": {"total": 10, "EarlyVoting": 1, "Mail": 9}, "CPF": {"total": 25, "Mail": 23, "EarlyVoting": 2}, "NPA": {"total": 51465, "Mail": 48828, "EarlyVoting": 2637}, "ECO": {"total": 9, "Mail": 9}}, "Pasco": {"TOTAL": {"total": 90013, "EarlyVoting": 11468, "Mail": 78545, "Provisional": 0}, "CPF": {"total": 8, "EarlyVoting": 3, "Mail": 5}, "DEM": {"total": 38318, "EarlyVoting": 3621, "Mail": 34697, "Provisional": 1}, "ECO": {"total": 1, "EarlyVoting": 1}, "GRE": {"total": 29, "EarlyVoting": 1, "Mail": 28}, "IND": {"total": 1001, "EarlyVoting": 118, "Mail": 883}, "LPF": {"total": 169, "EarlyVoting": 22, "Mail": 147}, "NPA": {"total": 18926, "EarlyVoting": 1897, "Mail": 17029, "Provisional": 1}, "REF": {"total": 14, "EarlyVoting": 4, "Mail": 10}, "REP": {"total": 31542, "EarlyVoting": 5801, "Mail": 25741, "Provisional": 2}, "PSL": {"total": 5, "Mail": 5}}, "Pinellas": {"TOTAL": {"total": 176046, "EarlyVoting": 7902, "Mail": 168144}, "PSL": {"total": 11, "EarlyVoting": 2, "Mail": 9}, "REF": {"total": 15, "EarlyVoting": 2, "Mail": 13}, "DEM": {"total": 82361, "Mail": 78982, "EarlyVoting": 3379}, "ECO": {"total": 8, "Mail": 8}, "GRE": {"total": 94, "EarlyVoting": 3, "Mail": 91}, "IND": {"total": 1440, "EarlyVoting": 81, "Mail": 1359}, "REP": {"total": 56377, "Mail": 53310, "EarlyVoting": 3067}, "UNK": {"total": 4, "Mail": 4}, "CPF": {"total": 17, "EarlyVoting": 4, "Mail": 13}, "LPF": {"total": 407, "EarlyVoting": 23, "Mail": 384}, "NPA": {"total": 35312, "Mail": 33971, "EarlyVoting": 1341}}, "Polk": {"TOTAL": {"total": 88525, "EarlyVoting": 10437, "Mail": 78088, "Provisional": 0}, "CPF": {"total": 13, "EarlyVoting": 2, "Mail": 11}, "DEM": {"total": 40882, "EarlyVoting": 4592, "Mail": 36290, "Provisional": 5}, "GRE": {"total": 30, "EarlyVoting": 2, "Mail": 28}, "IND": {"total": 744, "EarlyVoting": 78, "Mail": 666}, "LPF": {"total": 156, "EarlyVoting": 26, "Mail": 130}, "NPA": {"total": 16304, "EarlyVoting": 1527, "Mail": 14777, "Provisional": 8}, "PSL": {"total": 10, "EarlyVoting": 2, "Mail": 8}, "REF": {"total": 4, "EarlyVoting": 2, "Mail": 2}, "REP": {"total": 30381, "EarlyVoting": 4206, "Mail": 26175, "Provisional": 4}, "ECO": {"total": 1, "Mail": 1}}, "Putnam": {"TOTAL": {"total": 7628, "EarlyVoting": 2210, "Mail": 5418, "Provisional": 0}, "DEM": {"total": 3365, "EarlyVoting": 702, "Mail": 2663, "Provisional": 3}, "GRE": {"total": 7, "EarlyVoting": 3, "Mail": 4}, "IND": {"total": 42, "EarlyVoting": 12, "Mail": 30}, "NPA": {"total": 832, "EarlyVoting": 196, "Mail": 636}, "REP": {"total": 3367, "EarlyVoting": 1297, "Mail": 2070}, "CPF": {"total": 2, "Mail": 2}, "ECO": {"total": 1, "Mail": 1}, "LPF": {"total": 12, "Mail": 12}}, "Santa Rosa": {"TOTAL": {"total": 21270, "EarlyVoting": 5536, "Mail": 15734, "Provisional": 0}, "CPF": {"total": 4, "EarlyVoting": 1, "Mail": 3}, "DEM": {"total": 6538, "EarlyVoting": 997, "Mail": 5541}, "GRE": {"total": 8, "EarlyVoting": 2, "Mail": 6}, "IND": {"total": 303, "EarlyVoting": 66, "Mail": 237}, "LPF": {"total": 58, "EarlyVoting": 11, "Mail": 47}, "NPA": {"total": 3119, "EarlyVoting": 611, "Mail": 2508, "Provisional": 1}, "REF": {"total": 3, "EarlyVoting": 1, "Mail": 2}, "REP": {"total": 11236, "EarlyVoting": 3847, "Mail": 7389}, "PSL": {"total": 1, "Mail": 1}, "OTH": {"total": 0, "Provisional": 5}}, "Seminole": {"TOTAL": {"total": 40567, "EarlyVoting": 7894, "Mail": 32673, "Provisional": 0}, "DEM": {"total": 18535, "EarlyVoting": 3409, "Mail": 15126, "Provisional": 3}, "ECO": {"total": 1, "EarlyVoting": 1}, "GRE": {"total": 20, "EarlyVoting": 5, "Mail": 15}, "IND": {"total": 403, "EarlyVoting": 84, "Mail": 319}, "LPF": {"total": 94, "EarlyVoting": 21, "Mail": 73}, "NPA": {"total": 8217, "EarlyVoting": 1337, "Mail": 6880, "Provisional": 1}, "PSL": {"total": 3, "EarlyVoting": 1, "Mail": 2}, "REP": {"total": 13290, "EarlyVoting": 3036, "Mail": 10254, "Provisional": 1}, "CPF": {"total": 3, "Mail": 3}, "REF": {"total": 1, "Mail": 1}}, "St. Johns": {"TOTAL": {"total": 43544, "Mail": 34113, "EarlyVoting": 9431, "Provisional": 0}, "IND": {"total": 489, "Mail": 418, "EarlyVoting": 71}, "CPF": {"total": 5, "Mail": 4, "EarlyVoting": 1}, "DEM": {"total": 17634, "EarlyVoting": 2649, "Mail": 14985, "Provisional": 1}, "PSL": {"total": 1, "Mail": 1}, "GRE": {"total": 11, "EarlyVoting": 1, "Mail": 10}, "LPF": {"total": 101, "Mail": 79, "EarlyVoting": 22}, "REP": {"total": 18350, "EarlyVoting": 5512, "Mail": 12838, "Provisional": 1}, "NPA": {"total": 6950, "EarlyVoting": 1175, "Mail": 5775}, "ECO": {"total": 2, "Mail": 2}, "OTH": {"total": 0, "Provisional": 1}, "REF": {"total": 1, "Mail": 1}}, "St. Lucie": {"TOTAL": {"total": 45000, "EarlyVoting": 4421, "Mail": 40579, "Provisional": 0}, "CPF": {"total": 3, "EarlyVoting": 1, "Mail": 2}, "DEM": {"total": 23469, "EarlyVoting": 2011, "Mail": 21458}, "IND": {"total": 450, "EarlyVoting": 35, "Mail": 415, "Provisional": 1}, "LPF": {"total": 37, "EarlyVoting": 4, "Mail": 33}, "NPA": {"total": 7967, "EarlyVoting": 619, "Mail": 7348, "Provisional": 2}, "REP": {"total": 13051, "EarlyVoting": 1751, "Mail": 11300}, "ECO": {"total": 1, "Mail": 1}, "GRE": {"total": 15, "Mail": 15}, "PSL": {"total": 4, "Mail": 4}, "REF": {"total": 3, "Mail": 3}}, "Sumter": {"TOTAL": {"total": 28615, "Mail": 28615}, "REF": {"total": 2, "Mail": 2}, "ECO": {"total": 1, "Mail": 1}, "GRE": {"total": 5, "Mail": 5}, "DEM": {"total": 10734, "Mail": 10734}, "PSL": {"total": 1, "Mail": 1}, "IND": {"total": 157, "Mail": 157}, "LPF": {"total": 19, "Mail": 19}, "CPF": {"total": 1, "Mail": 1}, "REP": {"total": 12653, "Mail": 12653}, "NPA": {"total": 5042, "Mail": 5042}}, "Suwannee": {"TOTAL": {"total": 3767, "Mail": 3767}, "CPF": {"total": 4, "Mail": 4}, "DEM": {"total": 1531, "Mail": 1531}, "ECO": {"total": 1, "Mail": 1}, "IND": {"total": 29, "Mail": 29}, "LPF": {"total": 5, "Mail": 5}, "NPA": {"total": 375, "Mail": 375}, "REP": {"total": 1822, "Mail": 1822}}, "Taylor": {"TOTAL": {"total": 2372, "EarlyVoting": 510, "Mail": 1862}, "DEM": {"total": 1021, "EarlyVoting": 157, "Mail": 864}, "IDP": {"total": 1, "Mail": 1}, "IND": {"total": 13, "EarlyVoting": 2, "Mail": 11}, "LPF": {"total": 3, "Mail": 3}, "NPA": {"total": 99, "EarlyVoting": 17, "Mail": 82}, "REP": {"total": 1235, "EarlyVoting": 334, "Mail": 901}}, "Union": {"TOTAL": {"total": 611, "Mail": 611}, "DEM": {"total": 288, "Mail": 288}, "IND": {"total": 4, "Mail": 4}, "NPA": {"total": 34, "Mail": 34}, "REP": {"total": 285, "Mail": 285}}, "Volusia": {"TOTAL": {"total": 93704, "EarlyVoting": 8842, "Mail": 84862, "Provisional": 0}, "CPF": {"total": 17, "EarlyVoting": 3, "Mail": 14}, "DEM": {"total": 40701, "EarlyVoting": 3270, "Mail": 37431, "Provisional": 2}, "GRE": {"total": 43, "EarlyVoting": 2, "Mail": 41}, "IND": {"total": 1047, "EarlyVoting": 91, "Mail": 956}, "LPF": {"total": 153, "EarlyVoting": 8, "Mail": 145}, "NPA": {"total": 19389, "EarlyVoting": 1410, "Mail": 17979, "Provisional": 1}, "PSL": {"total": 5, "EarlyVoting": 1, "Mail": 4}, "REP": {"total": 32340, "EarlyVoting": 4057, "Mail": 28283, "Provisional": 4}, "ECO": {"total": 5, "Mail": 5}, "REF": {"total": 3, "Mail": 3}, "UNK": {"total": 1, "Mail": 1}}, "Wakulla": {"TOTAL": {"total": 4283, "EarlyVoting": 1011, "Mail": 3272}, "DEM": {"total": 2003, "EarlyVoting": 293, "Mail": 1710}, "IND": {"total": 22, "EarlyVoting": 7, "Mail": 15}, "LPF": {"total": 9, "EarlyVoting": 2, "Mail": 7}, "NPA": {"total": 498, "EarlyVoting": 117, "Mail": 381}, "REP": {"total": 1748, "EarlyVoting": 592, "Mail": 1156}, "CPF": {"total": 1, "Mail": 1}, "GRE": {"total": 2, "Mail": 2}}, "Walton": {"TOTAL": {"total": 6827, "Mail": 6827}, "IND": {"total": 94, "Mail": 94}, "CPF": {"total": 1, "Mail": 1}, "LPF": {"total": 12, "Mail": 12}, "DEM": {"total": 2270, "Mail": 2270}, "GRE": {"total": 4, "Mail": 4}, "REF": {"total": 1, "Mail": 1}, "REP": {"total": 3482, "Mail": 3482}, "NPA": {"total": 963, "Mail": 963}}, "Washington": {"TOTAL": {"total": 2608, "Mail": 2003, "EarlyVoting": 605, "Provisional": 0}, "CPF": {"total": 1, "Mail": 1}, "DEM": {"total": 939, "EarlyVoting": 139, "Mail": 800, "Provisional": 1}, "GRE": {"total": 2, "Mail": 2}, "IND": {"total": 15, "EarlyVoting": 1, "Mail": 14}, "LPF": {"total": 5, "EarlyVoting": 3, "Mail": 2}, "NPA": {"total": 212, "EarlyVoting": 31, "Mail": 181}, "PSL": {"total": 1, "Mail": 1}, "REP": {"total": 1433, "EarlyVoting": 431, "Mail": 1002}}}
